pulse_index,alpha,beta,gamma,kappa,detuning
1,3.1387356845049759,-1.7385022567789588,3.1415926458548666,-2.7380951427429614,0.050000000000000003
2,0.32146862545623539,0.67147454172040011,0.27166751211186407,-0.91452304523277139,0.90978471073953526
3,0.087085415593040547,0.26474682667816696,1.2549594487172508,-1.577974250670366,1.1534807145231698
4,-2.6126838282374849,-2.947997356413421,-1.82305631006293,-2.3976694395970601,1.2664669672680935
5,0.85845897465655829,2.3697608271140176,2.9763205355005398,-0.82868049749282757,1.0974044164854839
6,-2.3782987818512593,-2.3501618188474587,0.64755395586315834,1.6849098538768199,1.4045819584486363
7,-1.8081312949782686,-2.1209573171286857,-1.2219618898164211,-2.0302293465324857,1.3080456698829122
8,0.25261125984249627,2.3446348136643782,1.147870432470472,-0.21047562974226708,1.0223663116211186
