pulse_index,alpha,beta,gamma,kappa,detuning
1,-0.64790990480634769,1.3466151165694065,0.010939045393163224,2.5799167079193741,0.050000000000000003
2,-2.9417233695252998,-1.0863995079212745,-2.5379344912208852,0.089618889824742212,0.9480318107231982
3,0.2895575718864708,2.3053335231402317,0.26202942808270946,-0.83614465139026228,0.92820847590207323
4,1.5947975968484667,-0.60828068476190933,2.2447061387338896,-2.1020464456839387,0.69774935221697088
5,1.9043907065295933,-0.44338596750012593,2.6879168178576096,2.0554647699454924,0.83835393186923968
6,1.079800124330355,1.2093729718588331,2.0884810083196492,-0.75770020203106836,1.0025188500213946
7,-3.0129184064067864,-0.077565405206604029,3.0831060041173437,2.6401322151935576,1.1007796857696492
8,3.1415926535897931,2.8932636254013611,0.84073004124342066,-0.71968743435137039,1.0642569416259986
