pulse_index,alpha,beta,gamma,kappa,detuning
1,3.0897212257111222,1.2478257043703356,0.77306581137145147,-1.6865716490583347,0.050000000000000003
2,-2.6831973788900916,-0.60885192061124527,1.5042095282528944,-2.8192044311917885,0.58732867800257138
3,1.2637005309626679,-2.0354484232620833,-2.2353760587335803,-1.6013966937074524,1.0115286730793815
4,-2.7800390776123289,1.3039028355726054,-1.1606175273707549,-2.9622514000027396,0.92542432829586996
5,-0.54325951879458578,-1.9546625684621919,-0.12454067644836816,-1.8911147693756285,0.91741726001207025
6,-0.94133648575876294,2.9846827110451319,2.6333287037151014,2.4459214537281677,1.3895970160524691
7,-1.856823261020546,-0.39041192639779682,2.9568782822853099,-0.013456508913431083,0.97816464483450449
8,1.3204053135511857,1.1480314031799359,1.9173310742442564,0.63112267631450947,0.85083111480590012
9,1.6148988739556134,-0.2408557373372214,-1.912445813751799,-1.6810183073431966,1.2751970968065183
