pulse_index,alpha,beta,gamma,kappa,detuning
1,0.24658965710502342,1.848340241738355,1.416152934153629,1.6297047400343763,0.050000000000000003
2,0.93465926113607356,1.5132036404817244,2.6140803004379469,-0.99649577801640621,0.93054033240631151
3,1.364048297745823,0.35508334438761335,2.9621529901563122,-1.2359324672539578,1.3776258522587836
4,2.6331286358372332,2.8758985319920725,2.5136282051524783,-1.7632351924154073,1.506422591660143
5,-3.0109328574081706,0.39805277199699229,-3.0882227759571812,-2.5124450069240063,1.8060590471654978
6,0.52282314974440136,0.48105466886716342,1.8360690784972467,0.43384466230140512,1.1018461441411205
7,3.111273257916952,0.85946159565961977,-1.3572270929343691,2.2265295515031496,1.2552700951898543
8,3.1321191947326481,-2.0372878184762766,-0.78025467892665668,-0.52475133905015892,1.0595299663413822
9,-3.1415926535897931,-3.1301454723940978,-2.5669278780767382,2.6987940280949698,0.050000000000000003
