pulse_index,alpha,beta,gamma,kappa,detuning
1,3.0739214663013152,-1.9503561916204555,3.1415923592269142,-2.760157551503267,0.050000000000000003
2,0.29312196319819983,0.67265493076549943,0.19083772443698577,-0.88127576805550223,0.89412616787074461
3,0.22459687495141284,0.38702410747473759,1.2266064045024334,-1.4698359459919768,1.1434877418704976
4,-2.7054754382162636,-3.0944478552503734,-1.685520064308202,-2.6128610060843926,1.202713630366121
5,0.73566386866316791,2.4063733873761537,2.8835124631618405,-0.6689861484726175,1.086853692796349
6,-2.4212392044088156,-2.2129492601101051,0.52476369471060713,1.6956412545288293,1.463992497949933
7,-1.7811459065561412,-1.9830827518258007,-1.2649030253511986,-2.0295417113328482,1.308486532375654
8,0.36751066637146329,2.3289807171332444,1.1748578466120749,-0.22098403787766521,1.0372926296283544
