pulse_index,alpha,beta,gamma,kappa,detuning
1,2.9567916028895875,-1.6967433045758586,3.1415905718914048,-2.7791770280353987,0.050000000000000003
2,0.10639510218777805,0.68243818702479397,0.29026868180379939,-0.89681031222430851,0.84478383176197591
3,0.15578111437429842,0.42239726081919088,1.0398833407726356,-1.4517748432493442,1.1461902001024775
4,-2.8970717460458393,-2.9812985904110252,-1.7543333725870582,-2.2112015646062013,1.1308511799060048
5,0.77829125137382071,2.2534249761614067,2.6919167516258447,-1.0925795463309449,1.0908090271711435
6,-2.3719525564912711,-2.2994351998190599,0.56738971492490142,1.6650913218449317,1.6075510509637283
7,-1.725196182739009,-1.973717751940101,-1.2156214833823997,-2.0341855603404664,1.3712636443397099
8,0.25959912019920905,2.3120757972240513,1.2308091777608055,-0.19188355098082957,1.0639375619701874
