pulse_index,alpha,beta,gamma,kappa,detuning
1,-0.95920796795192143,-2.9852090877907327,1.6646499625541729,-2.9033677999834739,0.050000000000000003
2,-2.7446866724662202,1.3087289401037423,-0.7702506490946085,-3.017530407611591,0.99942938962149075
3,0.64795165865630999,3.1373060332219396,2.4559158769538993,-2.8959908085407586,0.92315532418055601
4,-2.3514161367038522,-2.9690726257942703,0.58817872673514715,0.0025998442255198667,0.98017007338983075
5,-1.5889619764222229,-1.7139527295377586,-0.89965888210569289,-1.6665121628257529,0.98799544133294537
6,2.4765933422059234,2.1789232165711265,-0.32055590403875728,-1.6579624544897364,1.3158814052838979
7,2.6905583679247758,-1.0842195127938441,-0.3389745437170858,-3.0699303185922302,1.3631736546178648
8,1.4121045862058079,1.1427759024960396,-2.8835566947600153,-1.3050460357095275,1.2021654361736487
9,2.5252810832010182,-2.6385857372818062,-0.072816835783587816,2.295401962215283,1.1697553517304273
