pulse_index,alpha,beta,gamma,kappa,detuning
1,-0.92441803829839631,1.2242228990090387,0.010932339266936115,2.9075635936358779,0.24530627289857793
2,-3.1413553167985557,-0.81132883198071337,-2.8144171292080924,0.19338981115779194,0.98738148463464548
3,0.1456474187718331,1.9958662558865059,-0.0098649669739672499,-0.9570840653410555,0.97532129641502241
4,1.7283618233226599,-0.64533060394458763,2.1007944301632038,-2.0999596976897927,1.0309899206077362
5,1.7727873117067021,-0.52741413053700448,2.8214630509141472,2.230104890246432,1.0770887932611242
6,0.86774051131486729,0.77866332448198161,1.9568847626918986,-0.62873228858359842,1.0388302211256935
7,-2.9852791532865592,-0.73240199109646831,2.8710793856682089,2.9480283049913796,1.2385763264826122
8,3.1314247340525951,2.8452008374655402,0.8683609842591764,-0.96954382104113146,1.0289181246687304
