pulse_index,alpha,beta,gamma,kappa,detuning
1,2.6144247695538154,-2.6617228092052332,1.6044547899721806,1.2376265717373089,0.050000000000000003
2,-0.18687628943703921,0.43788509686812815,1.285937981049506,-2.5617386436967333,0.94034288240489405
3,-0.29525650439199197,-1.6199437518257882,-0.52438468733053845,0.78951967570098269,0.92028191404366833
4,-1.7689745375551775,2.5244251393493786,0.37116867202024995,-0.84574566857639144,1.1797872999839414
5,0.0011806369245450125,0.17953162860539931,-2.4164689877434609,-2.3328432948857563,1.6467601465861155
6,-2.3970502682121526,-0.35957125172588206,1.2037440097481382,1.0728275395628712,1.4140804500285824
7,-1.388282414369878,1.0490726313712819,-2.3879843285754032,-0.71478337722411833,1.368376398156653
8,-3.1249018970753606,0.28300375626126301,1.157483886270847,-1.3973042151664552,1.2810357976237816
