pulse_index,alpha,beta,gamma,kappa,detuning
1,-0.8902569631193441,0.77498809399368118,-2.6414937864608623,-0.24606242069022741,0.67205132958515468
2,-0.5546290995683405,-1.7630306816044916,0.79714530829978836,-1.46672396789051,0.35899110852642885
3,0.17441175867599076,-0.66939567765148078,0.66528803302527639,-2.9385226681678347,0.73050960754850025
4,2.9303397073960831,-1.5162098573051837,1.0285749394974242,2.4741193563765469,1.0338528943020309
5,-0.62599391693723117,-0.83766972067256851,0.77136213996092728,2.7209498619992467,1.1685056371445661
6,0.28107355060832684,0.97252175713238465,-0.13169946353015199,-0.11361125172531029,1.0620567953214519
7,0.36528425743902593,-0.31981913083728447,0.2466317589332758,0.20604254259926813,0.99676358965111655
8,-0.18631208988769657,0.49745483494045684,-0.14552145454127716,0.32645996795919169,1.0090539058521919
9,-0.13287265040042121,-0.32333904240078448,-0.18631261978092303,0.12144371968289319,0.99901642961660175
