pulse_index,alpha,beta,gamma,kappa,detuning
1,2.3498404551114942,2.9429715740261235,1.3216420325616312,1.5729101828320249,0.050000000000000003
2,-1.8848501195713372,1.4730884680227176,-2.4320890425027848,1.1148129856644649,0.97924716008841606
3,-2.7509824202567832,2.490388454594243,2.2752080406468895,1.2042740900138713,0.89309983513877078
4,2.1259680125728937,-0.34105502083666134,0.36497102117221752,0.6621475929089411,1.1081306845427128
5,2.8783996947776553,-2.7490233769583954,0.065555537656574014,-2.8553449354631888,1.1152699988471551
6,-2.9778956472009277,1.9035247165722979,1.8426276683536256,-2.8750386931169021,1.1896624679678616
7,0.99724791404708535,-1.2873899189025184,-2.7242907486902546,-1.740529089039361,1.1926487633670133
