pulse_index,alpha,beta,gamma,kappa,detuning
1,1.4117595930305207,-1.0136625942341662,-2.4410790765032266,1.938559950649323,0.050000000000000003
2,0.16055356510287783,-0.97453858722729303,1.3450168477017967,-2.1450637000377668,0.41280364281461401
3,0.61844157031503022,-2.2498843271967379,-0.82728382130155087,-0.54356587868142481,1.0868211265768644
4,-3.0903819922891977,-0.45140770303305189,-2.3329737038182015,-2.7264311130787688,1.2456988228499759
5,-0.92082737011779225,1.3807834001964701,-1.0473795121444069,1.1827426395233791,1.0625428583487468
6,0.61923823746151052,-3.1415926535897931,-2.1134116828748244,-0.7852778343688871,1.3201704139237587
7,-2.618842152340247,1.4329719622375887,1.069555213573594,-1.3724361412171715,1.341703614351335
8,-2.898075417265185,3.1415926535897931,-1.861164801442651,-0.63106174609857324,1.285467530072002
