pulse_index,alpha,beta,gamma,kappa,detuning
1,0.16037450156024519,-1.0360666290228542,3.0056281674400958,-2.5262673283651926,0.050000000000000003
2,-0.16537499525800892,1.715031270273859,-3.1002067574361076,-1.5462465081359249,0.50851286399460116
3,1.2614707699118461,-2.5018865297466442,2.7533503163857644,-0.16700371279491885,1.096460020141929
4,-0.18007264415654001,0.55673626085022609,0.70253895058212978,1.2452298952862084,1.2768960936938445
5,0.99402709764135344,1.1475825361738157,0.01276052876323993,-3.1214845105214559,2.2359512036062164
6,1.5070592856786647,1.1149726322596467,0.80790639970013101,2.7928161793894986,1.9490249205842503
7,-0.89310115214797814,-2.4974296161242906,-2.1842202670856583,-1.3994743329062829,1.7808204214855266
8,1.2625749549749863,-3.1411340240268393,0.19625615330470197,-2.1474259064788614,1.3064242738769942
9,-0.0036887731768255856,1.061875346971787,2.2300362447017097,0.38806110278128636,1.2470877307251818
