pulse_index,alpha,beta,gamma,kappa,detuning
1,1.3425539596942238,-0.93976873270925554,-2.4410795237157639,1.537418523638111,0.050000000000000003
2,0.13462102930168926,-0.97111876057745883,1.2758184718459282,-2.1133110103262314,0.4498246588422356
3,0.61606808337810504,-2.1776560269233718,-0.85321746880657323,-0.53830313656761453,1.1246717159797104
4,-3.1387762733053881,-0.49460470225755593,-2.3353442883029727,-2.7263477857041889,1.2170778716281898
5,-0.93006943665962116,1.4046003766073327,-1.0090618435038521,1.1510242373383421,1.0873085787426235
6,0.62450544806504049,-3.1415926535897931,-2.1226546914282407,-0.90756050473913252,1.5634934707388579
7,-2.632928797585846,1.4273202196334343,1.0748266247925191,-1.2504745944177065,1.4281212727762516
8,-2.839023326558038,3.1269649629890175,-1.8752523671311563,-0.63521884689511654,1.5220790004328351
