pulse_index,alpha,beta,gamma,kappa,detuning
1,0.2094998493687423,1.8246929828830443,1.4161421346672318,1.6464834872745502,0.050000000000000003
2,0.97051669992956091,1.5213024369695156,2.5769799157353632,-1.0159041515367053,0.91883622662825404
3,1.3643539994803151,0.34965193874866429,2.9980175467677368,-1.2253637928014711,1.3803257269682367
4,2.647382254230545,2.855715220008872,2.5139390149226384,-1.7598199542268784,1.4758769928184017
5,-3.0187387225191915,0.381059328009698,-3.0739598589761417,-2.5410687202434508,1.6880825329362437
6,0.48857061870384316,0.49199133992011018,1.9107977603551154,0.43792042301773432,1.1184503979114053
7,3.1192319350188753,0.83311793318437943,-1.3914808884303065,2.2309691205409417,1.2382218459801451
8,3.1316262593194999,-2.0375896184252862,-0.76523747275250642,-0.5146953674185093,1.0699594941106192
9,-3.141586413115689,-3.133388935412559,-2.5674202780403035,2.708982160209966,0.050000000000000003
