pulse_index,alpha,beta,gamma,kappa,detuning
1,2.5042182843071625,2.4256599050367429,1.3216408329701725,1.5184052077175225,0.050000000000000003
2,-1.8182031946533022,1.6927976689404096,-2.2777099921923019,1.4398516095865905,0.94362491881490806
3,-3.1389166454024213,2.6882240076040582,2.3418561317640689,1.113902383857122,1.2633646128635201
4,2.2801597217036789,-0.42934977379006811,-0.21051205630024478,0.75316634658411663,1.2780282775343705
5,2.7755198405926422,-2.1216067195143147,0.21974515666822031,-2.6575213261444679,1.5375471110811942
6,-2.573003304595773,1.7409214858466526,1.7397481200483969,-2.9975744747926991,1.6400594175662888
7,0.74673615762501433,-1.3300159424553455,-2.3194018944020871,-1.8396466662780158,1.2295312569449675
