pulse_index,alpha,beta,gamma,kappa,detuning
1,-2.8297898820291145,-1.0619922537612272,-2.8011424386821413,-0.099519968540419529,0.46448366083118348
2,-1.0940069351692097,-2.6973997959996634,0.90716645659296946,-2.9704978689606647,0.48167680520884859
3,1.4825191327076457,2.8249711117377796,-0.6974523894279423,-2.4829802077661092,1.2597286679594839
4,-1.9845926797187179,0.59269338686497686,1.5284533871896322,2.5122845976836681,0.61486862024610378
5,-0.74772561082429101,2.9457104759909973,0.070232844045815007,2.7888627542907409,0.80674331856788861
6,-1.5879381080599579,-1.1114667763817623,-2.887921789047498,-2.2168424687792885,0.86138511401693652
7,2.5589131920466728,-2.5636603557033233,-0.89188664315667165,-0.43004666388653195,1.0615075179709417
8,0.021149845540819941,-0.038411875692258873,0.021584017302065512,-0.01905805176780204,0.99950509324518677
9,0.019852311514198577,0.088060366234781237,0.021146626379211796,0.0064475503986109947,0.99927404538229003
