pulse_index,alpha,beta,gamma,kappa,detuning
1,-0.90332796600509413,-1.8971032518746689,1.7104811711027328,-2.2920114812526768,0.050000000000000003
2,-2.9222221621930147,0.83916233716277666,1.0793259567036961,2.4806530092632961,0.79849073098968193
3,2.0142727606001398,1.4610623584089113,-0.86922298491987238,-3.0015452768981121,2.0338269236175703
4,3.1415926535897931,-1.7018265052458499,1.2194212564246101,-2.8077433842686732,1.6134118311645953
5,-0.52762121725565347,1.1242292377954992,1.7887676327855124,0.83124640747819756,1.2398347811259025
6,-2.5881900450667503,-0.89163387505454028,-2.7092078916316833,-0.010047641589908467,1.0561491546837538
7,-0.26978569588513679,1.3882968174890917,-0.098174528592251717,2.4744293017295211,1.7153885372454443
8,0.028228288433250641,-0.10212588161024047,0.023150448234689491,-6.0849516212076401e-05,1.0064237736912411
9,0.019542844970715893,-0.10848861559553602,0.02823209998346702,-0.054741313716640733,1.0027754350045841
