pulse_index,alpha,beta,gamma,kappa,detuning
1,-2.1847672621542396,-1.510393043362402,-2.9106786420025172,-0.66677630979663682,0.050000000000000003
2,-0.91704197570709545,-2.6761141505957413,1.5560242672959996,-1.9034223394652963,0.50883760933609368
3,-2.6735173039223774,1.045485592602027,0.67684278823085831,1.414038760451876,0.93414793101562521
4,1.7746655885207832,0.61470658458448946,-2.7463272030028909,0.53940982251372294,1.4659616630571788
5,0.58528950994639706,2.8879681625789924,-2.2048555710212967,-0.1555804131630307,1.2797665944738217
6,-2.5053398490174432,2.0172421888076246,-0.86012142170870698,-0.35659996214551809,1.1766914443254199
7,1.6290631599809613,0.18775770011425144,0.9739405942506999,0.51253783840274691,1.0041824722743165
8,0.0012292827593375021,0.040986878859939402,0.00092079914599519502,-0.0047499418376599246,0.99999819698179648
9,0.0018427023530537539,0.044263090306442099,0.0012340436178182685,0.049764596010758971,1.0000002176926035
