pulse_index,alpha,beta,gamma,kappa,detuning
1,2.9481554537824319,-1.9625425992072085,3.1415926310810054,-2.6032031437876384,0.050000000000000003
2,0.37920144915181919,0.67729783757959361,-0.01578805713330575,-1.0001184268393448,0.85142333071406207
3,0.30024163243582991,0.44561497348413831,1.3126863223246281,-1.5413864249688825,1.2092198226991051
4,-2.6067337929748091,-3.0168948953475523,-1.6098742334215554,-2.5926023241765317,1.1946262866954911
5,0.70079046635117548,2.4702883209912301,2.9822548266871913,-0.57785383794326473,1.0455069888810002
6,-2.4171356218408033,-2.1866355601824603,0.48988925272074857,1.6787502372105949,1.5201616780257867
7,-1.8938773454163924,-2.1972160359408308,-1.2607985700704276,-1.9616949132622203,1.2843555887401474
8,0.45072340968630564,2.6171822783027201,1.0621270621295582,-0.29767545969017323,1.0889051712232598
