pulse_index,alpha,beta,gamma,kappa,detuning
1,3.1380377572371807,-1.7970150109891929,3.1415898277985566,-2.6331213774561713,0.050000000000000003
2,0.25026448826274689,0.61656236618579385,0.35861584248340317,-0.90760658677775052,0.87222993527115045
3,0.13247683163977131,0.25660736567695963,1.1837374105371667,-1.5247655347045599,1.1899216002409376
4,-2.6683149019666601,-2.9503567185482114,-1.7776419323493406,-2.3431846788867645,1.3024742835561871
5,0.8487179706839848,2.3487052706270681,2.9206770319454183,-0.91841887416717527,1.1267733909453932
6,-2.3653633195848442,-2.3982073960671038,0.63782039974897176,1.705813429165133,1.5396749314998497
7,-1.8447313179859706,-2.0495933410280927,-1.2090295902959289,-1.9429397576782663,1.3903360384710024
8,0.16602285093139613,2.5352388492676159,1.1112710549500322,-0.19349200593620997,1.0356020632392136
