pulse_index,alpha,beta,gamma,kappa,detuning
1,1.8122512293629787,-2.809692168490856,-0.90160695771602173,-0.5688441652383357,0.050000000000000003
2,-1.6226531088685734,0.22570046686438353,2.5584853467896975,-0.64135560251073809,0.99993133552749225
3,0.31841537756133798,1.8256487383687989,2.4623314594130452,-0.29370950649862226,0.99741407317076614
4,0.94673719726662409,2.692336535449654,-2.9097538825469504,-1.7409543325544266,0.55542621360385691
5,3.0585989509395803,2.410958434217449,-2.5494057402865922,-2.351575439841433,0.90486076521392722
6,-0.12247769464680341,-0.51413472691357665,-2.0963683703697331,-1.0937684690407361,1.0099249327779731
7,-0.19705105919284385,1.6960104855494778,0.94030486206062003,-1.2185927749093739,1.2041310813658643
8,2.7873125510128167,-0.99296759569176762,2.836391781723183,-0.842339074920048,1.3430683672254289
9,1.9186517295613834,1.3992320886528071,0.055911709416924582,2.3993332752977938,0.919960667525482
