pulse_index,alpha,beta,gamma,kappa,detuning
1,0.87243425233197947,-1.2107409661510034,3.0056243896110235,-3.0139637110302688,0.76367660825419736
2,-0.10434531504226803,1.5463199283901357,-3.0641357731721954,-1.6697992673094335,0.94724226406534795
3,1.1782797749005831,-2.6185420847644725,2.8143800155137373,-0.29633177138172956,1.0132397873053693
4,-0.070644800879007291,1.0579722041760287,0.61935577362476946,1.4563857850281412,1.0372501603498299
5,0.72386793340933764,0.72097560869415978,0.12218799996077859,-3.0608438133182898,1.2037598945082615
6,1.6149527485699202,1.1210029300014628,0.53774696828605817,2.7750651628854475,1.1468874998454013
7,-0.89353550875938226,-2.4356134810454595,-2.0763290753100496,-1.5846400278304094,1.1076266502281478
8,1.2611704461845998,-3.1069730622022198,0.19582419290385153,-3.0014756413606651,1.0515805407765388
9,-0.047853864341062292,1.2715506906699277,2.2286392543887521,1.2643247833109619,1.0330325838084504
