pulse_index,alpha,beta,gamma,kappa,detuning
1,-1.1001516524693982,0.7755176287215293,-2.6414937902560442,0.028110213141317161,0.77448185607441755
2,-0.76407219762610312,-1.2529932294261985,0.58725151344146698,-1.4091785488524911,0.28363301827004483
3,0.23223204419170912,-1.1731395307138091,0.45584612019914833,-2.9343251099862364,0.81575046129543172
4,3.1005090050533557,-1.5628572316677452,1.0863946485653384,2.5985966382043624,1.1636628493977259
5,-0.72514431004647573,-0.74193525941574834,0.94152913805914695,2.7073313918342299,1.3816899328030929
6,0.21178697946391581,0.63685847547063457,-0.23084939628621157,-0.11983414997677351,1.0610222183817011
7,0.38450555242905066,-0.12693697469971926,0.17734543215692719,0.4025511889871517,1.0073614052500366
8,-0.21156344108979627,0.32470549666730925,-0.12630023014918937,0.15301160128916613,1.0002763724944155
9,-0.1691928163076151,-0.1307643718648919,-0.21156423172488922,0.12662827840461341,0.99972143522741408
