pulse_index,alpha,beta,gamma,kappa,detuning
1,0.31085715136378239,2.3370433780819138,1.4161411131543977,1.3361675124575878,0.050000000000000003
2,0.83280763000669522,1.6716952558639753,2.6783417313943532,-0.98680527866964185,0.88542077173247646
3,1.6801037638724921,0.39116706845825305,2.8603056516309056,-1.2092976940578035,1.4449125742483815
4,2.7444023036565253,2.4754902274632204,2.8296893602899855,-1.8585027726083705,1.4642980741418419
5,-3.1053138989753943,0.39321421692808223,-2.976948522783859,-2.3401345903676822,1.7848233089304117
6,0.62710912597819601,0.46613202444986174,1.6456507815268298,0.29139698915807438,1.1733974224824393
7,3.1213490025643078,0.8087928138829128,-1.2529430545282658,2.1065766965289985,1.2593539672723717
8,3.1388081664503229,-2.059054122207141,-0.26330530423359788,-0.42861872498396891,1.1290989179455941
9,-3.1415920664859427,-3.1381689569005049,-2.5602387686622015,2.4525775956967291,0.050000000000000003
