pulse_index,alpha,beta,gamma,kappa,detuning
1,1.8099941872207173,-2.8785945524508612,-0.9016120132941432,-0.74757091836874467,0.050000000000000003
2,-1.6327273020350552,0.27231023413045785,2.5562520053595521,-0.5981819208365452,0.99996284138182323
3,0.33627224925271576,1.9218650674113558,2.4524077112710838,-0.31815913713851957,0.99780368171444223
4,1.0552855982785161,2.6471134233306279,-2.8919596089008399,-1.7084371384968668,0.67030817929031394
5,3.0135298856556521,2.3745385198741826,-2.4408469841219338,-2.2979746242324239,0.92968150715456488
6,-0.1005790850723301,-0.52408132606580948,-2.1414922104083853,-1.0252055207966155,1.0092253247456453
7,-0.16147866560446372,1.6862044368933604,0.96223738716826812,-1.2465841315944279,1.1759429753609014
8,2.7286416957056319,-0.89408418404486056,2.8720837964459389,-0.83966812240754751,1.2794495219050173
9,1.8975860440477439,1.4279371578611848,-0.0027536755203595598,2.3844490903422839,0.91400587637386588
