pulse_index,alpha,beta,gamma,kappa,detuning
1,-3.1415774704115997,-0.70459414018575905,-2.8011342949858435,-0.018533868250350312,0.39199316593046668
2,-1.1324998193469704,-2.2418397228668301,0.40308336973062481,-2.878399335129088,0.36349999699443675
3,1.5445364733078188,2.8198695260966025,-0.73595468647825768,-2.3493727220962168,1.1937021527862819
4,-1.8297817146392787,0.64897361287408462,1.5904715609092053,2.4456506152385122,0.56470010734886367
5,-0.52944579191579855,2.880497692849374,0.22504282881583962,2.8823898960245375,0.66245145937557637
6,-1.6205550368405837,-1.0980361465966184,-2.6696350200751202,-2.296954738643294,0.80915340092904253
7,2.5524684814590368,-2.5409652701869065,-0.92449925911594411,-0.47933907506538159,1.0970148182779829
8,-0.00021173556969541449,-0.10505634200200278,0.015138665406321476,0.017828325179414045,0.99897248725118815
9,0.0049578333124403367,0.14844867845828608,-0.00021206344319793329,0.0016470095555245377,0.99822320405789189
