pulse_index,alpha,beta,gamma,kappa,detuning
1,0.38008405599570255,-1.1448147889130107,3.0056261783312546,-2.7796261668412146,0.050000000000000003
2,-0.12641455520277609,1.4466336009336402,-3.1254216053678836,-1.7088249965092064,0.65260499724727283
3,0.98048568423926863,-2.804279080692369,2.7923093277426245,0.018303208360640144,1.0502840857495532
4,-0.22987098705885306,1.0719230704539973,0.42155354952152824,0.95086263369178525,1.1342470632025756
5,0.76802135195248211,0.98732045164732851,-0.037036646386780218,-3.0224130464498722,1.6697500846921991
6,1.8725553131767971,0.93660388952943829,0.58190158363469435,2.7244359612515581,1.5658830349469375
7,-0.83674368580827241,-2.3404716688842653,-1.8187263818569208,-1.5421554018037091,1.4627855510505361
8,1.2268322974987058,-3.1313569691174141,0.25261525023270925,-2.4844190007742548,1.1859898845614179
9,0.1390307313013435,0.97539216919101157,2.1942949326320598,0.69638140974499896,1.1607485820273447
