pulse_index,alpha,beta,gamma,kappa,detuning
1,2.8723127563632413,1.1980183717809887,0.77308024908838446,-1.9617713004665591,0.40842429955343323
2,-2.6684679433903056,-0.64977965049336506,1.2868061918236973,-2.8906554858838405,0.63192169585358859
3,1.0318868811561976,-2.0130375609041229,-2.2206516841664037,-1.5156503447904282,1.0442463504845201
4,-2.5728075922532119,1.300226486538546,-1.392395938155087,-2.9942699905110475,0.93253097943088692
5,-0.52850680690552387,-1.9118080869157881,0.082694935727780125,-1.9300921466419079,0.91494400115982688
6,-1.0910944003820393,2.9419858782446804,2.6480717204124065,2.654468716757775,1.1957389300020755
7,-1.7745032829047767,-0.35119554951474263,2.8071366963456414,-0.11332474987025289,0.98980396388230418
8,1.1779613730800398,1.1158050919370577,1.9996577073277899,0.55276067261378425,0.93794726150857
9,2.0484018263826864,-0.25801121671162353,-2.0548698177694349,-1.6988195984521361,1.1522163190141586
