pulse_index,alpha,beta,gamma,kappa,detuning
1,2.4634199821964899,2.087297757211763,1.3216433381238457,1.6660919023093219,0.050000000000000003
2,-1.897460871291839,1.7233218777635402,-2.3185203937538699,1.4209736349426656,0.95076277653363073
3,-3.0950530118035529,2.5932299428183487,2.2625768475366015,1.206805450908583,1.2217050564269127
4,2.1331291438744318,-0.34221416884041755,0.020898145582670009,0.80782682231444958,1.2333592549939343
5,2.7969865344283384,-2.2848837324611151,0.072725939678177587,-2.7802765998778214,1.4072035348166678
6,-2.6416136982602754,1.705473165422509,1.7612107460165061,-3.0497924058911789,1.4985854508625853
7,0.72529746376056126,-1.297582432699862,-2.3879897730604078,-1.88468435495845,1.1813506524008024
