pulse_index,alpha,beta,gamma,kappa,detuning
1,2.7909870383849151,-0.21956674766652193,2.1572257971716464,-0.00014360870909707279,0.87213266044195759
2,-1.2802566859201601,-1.6696788783516567,-2.7423541611966966,-0.73395341289166494,0.115797174963508
3,1.9839645499220675,0.18303603256494685,0.5022260267121208,-2.140250741218312,0.68228822235415387
4,-3.1224025590325115,-2.7533745634999196,-1.3588256987798222,-2.369525173394702,0.73121879375341736
5,-0.026345512149822194,2.6212033214453054,-0.92453835016825492,-1.624664952925684,0.39311058322971643
6,-1.7614992757286263,-1.6141810312899671,-0.92611677786183366,1.9682114265463975,1.205514863020053
7,-2.7371764342349518,-1.4392846535086141,-1.4681803805958897,-0.8521357921950562,1.1631089659982152
8,0.4915849572229517,1.2716778696710538,-0.46674218660765154,2.6925406148659046,1.2705883850627788
