pulse_index,alpha,beta,gamma,kappa,detuning
1,1.788646764601217,-3.0529582963331552,-0.9016191358257567,-1.0257837916563879,0.050000000000000003
2,-1.5250917951529732,0.80190234634980317,2.5349316766075987,-0.41664665945324308,0.99998636852912492
3,-0.053106831562619708,2.4042845389304377,2.5598909680652224,-0.37838405939650971,0.99205172161746957
4,0.96917885057482034,2.468166266859249,-3.1413936759439212,-1.5005183320716364,0.75791582453744311
5,3.0167635769870698,2.4670264975796066,-2.5269642211219789,-2.1263318813215051,0.91646052507697284
6,-0.11650890392338624,-0.84945230118122084,-2.1381665489915012,-0.94563474742063136,1.0702458094500251
7,-0.12755818032402327,1.7754112165013645,0.94628668541139305,-1.0919578372723953,1.1021756170491035
8,2.6279854164967666,-0.89462143456026355,2.9032268431047261,-0.7238294298478426,1.3357375217458334
9,1.8458315205314735,1.4442661497450699,-0.10335084552377154,2.5691605641190232,0.99185504809720115
