pulse_index,alpha,beta,gamma,kappa,detuning
1,-1.3339740393254815,-0.55945307673688349,3.1415587043098081,-0.0063088461581694497,0.25901769760526533
2,0.65551538250243857,2.5919678920911693,3.0436154353994129,0.1941232816596499,0.32348801182709813
3,3.1403877082374239,2.6133728050430807,2.8647989812873611,3.0287513171059128,1.1713430493436305
4,-0.66729721229595096,0.22269872628688608,-0.33330632047011233,0.6758447114285755,0.22829064685402609
5,-0.85464415981191433,1.4590585534767126,3.141419593669958,3.0909794756574573,0.21731927472758428
6,-1.0715658475783103,-2.5005712695368243,-1.1781638496649689,-1.2155224469655823,0.83370534198617541
7,2.1946877970462149,-2.8676986093964238,-2.5443303047355115,-1.8855052698754589,0.99188635566379835
8,-3.1047465047382672,-1.0785336679534412,3.0997256723884941,-1.9054207528196374,0.99049193629468613
9,0.8505655168806221,-0.21939714101667493,0.3262029875183643,1.1092008437731731,1.3150449479856066
