pulse_index,alpha,beta,gamma,kappa,detuning
1,0.74449330431894378,0.22250216915256191,1.8795372536594026,-0.2207474209511425,0.050000000000000003
2,-0.83726892748685178,-2.8123010042839125,2.2558542663726664,-1.114087854811675,0.14264724973928705
3,-0.98341748163501896,1.9336571646188865,-1.5761330515984053,-0.46396322113059246,0.80026954426816077
4,1.2777140113335155,-2.7151631973223322,-1.8503544647239891,0.34927858577654236,0.74124564811027771
5,-1.1795388670857156,-0.47785335045797905,2.2410414742829587,0.23422340855950843,1.5022124833158295
6,1.3504498246748933,-1.9267707653075017,0.19341370658991039,3.0714155965540511,1.6234571454391915
7,-1.0209029604425983,-1.0611239311182874,-1.5095889448046671,0.292973852287367,1.078387093119787
8,-3.1415926535897931,-3.1390013581008942,2.1317663293300071,-0.98166375319074517,1.1422374098704071
9,3.060280046321413,2.076483407869099,-1.6934152919629677,-0.0046010640700839076,1.4292764350610501
