pulse_index,alpha,beta,gamma,kappa,detuning
1,-3.1312486413060494,0.60865347142846127,3.1415892297783965,2.8786586087848027,0.050000000000000003
2,-2.7218494136133242,-2.1456786723235517,-3.1312447887159331,-3.0952127805301317,0.43009465756875281
3,-0.80947567521838115,2.2478470180550336,-0.27849571806421214,-2.3474921766531422,0.53475452026970371
4,-0.43051154190354535,-1.6360098567602084,0.87814734170282305,-2.158411946953612,1.5119238545100901
5,2.6925852205688732,1.2218793270842248,1.8669609020427409,-2.6491750498122331,1.2654046257429294
6,-2.6135029284946367,0.63589344496077771,1.8171039730908656,2.2380587680068995,1.6136817230692211
7,0.57216280834542455,-1.2650913523331393,-2.4739140571845257,3.0830027420204282,0.56198892139902978
8,2.9137437673893167,1.0075118810465458,2.3793841349368421,2.1171114151009078,1.3237071350024023
9,0.58145992208162967,0.94959837968189509,-0.15248194640780302,0.29916449143409735,1.1685261300148038
