pulse_index,alpha,beta,gamma,kappa,detuning
1,2.8968263692714857,-0.32063164759120805,-1.8357923436010801,1.1337769171898655,0.050000000000000003
2,2.2241869418467286,-2.5487526495960973,-0.91799724328095533,-0.83988614008944884,0.32605817073969412
3,-3.1219831091153232,-2.8924741528818894,-3.0687412379270795,1.4490557880933643,1.0184979231457034
4,0.025520453784018876,-2.7076613095276545,0.89433090176773422,-0.62989979961344533,0.62053232259592217
5,-2.0322974910632094,-1.7925428548421303,1.5020946017976764,2.9404442083130382,1.1389090162781583
6,-0.36047885942118019,0.70856006517535552,1.8207586588781086,-0.087474991328445217,1.0033701602184699
7,2.0535933904212555,2.7215946438755325,1.3263435595333026,-0.87002803152025077,1.3674825136199884
8,-2.5311537787425902,0.87116413871985243,0.75525317777130585,-1.2042423167870839,1.3987360037132139
9,0.088599396667532554,0.034556953061173248,0.015629141968523042,-0.089478470082680034,1.0442543082830162
