pulse_index,alpha,beta,gamma,kappa,detuning
1,-0.52762410483775712,-3.0811798072354715,-2.7238931536746045,0.16495736548411663,0.050000000000000003
2,3.1415926535897931,-0.21939292895070622,3.140631488574336,-3.1410258969103895,2.037366939027152
3,-0.27536402324383702,-2.0009397650860912,-1.7915637038959979,-2.239229164907298,0.80159347535386216
4,-0.59763788675175866,-1.3771564416782909,2.7407541359525478,-2.9140578301582538,0.4871063235758778
5,-0.23225349602646073,2.7018803732224894,1.8067390782173478,-1.638010432289005,1.2082823773661744
6,1.3265601013682524,-2.0205167784563063,0.88951568862466401,0.45065017716998695,0.81493353068481322
7,-3.0592553642667384,2.7315453287036111,-0.40629944309084709,-0.27876773148110101,4.296467956417529
8,0.063691527185666605,-2.2268471888337169,-3.0592815342306778,-0.96950523388653054,5.1860259362365779
9,-0.25673647602025251,0.98615951183898376,3.0844262995710192,0.15416817426013202,1.1462582603664351
