pulse_index,alpha,beta,gamma,kappa,detuning
1,-1.1477692100176311,-3.1069876128539144,1.5297644989308505,0.92809370491881737,0.050000000000000003
2,-2.5516058361906424,2.440001062400444,-1.3515028933518691,-3.1254781322584861,1.7308777225020275
3,-1.3089328665130078,1.6542078502716271,-2.8783889093732165,-0.25840398535075859,0.47366222980874623
4,1.4772218233550114,-1.8057967471466829,2.8873219131323178,1.158972969487442,1.6953393237706558
5,1.671061394282207,1.9285481517930596,1.5869266285956756,1.8736472273889577,1.5105029901059266
6,2.996765009181543,2.9465340965702507,-3.0000055800779548,0.62248784580866745,1.7139039498094872
7,2.8951809656849723,0.47678298444290418,1.3379682081511943,1.076489638750675,0.73156414783187329
8,-1.0474785668725819,-2.8446831011584455,1.7557219389298895,2.8137712835703272,0.41307356900599235
