pulse_index,alpha,beta,gamma,kappa,detuning
1,-1.769124382627979,2.4426972277325567,2.5984076096821358,-1.2757276580881507,0.050000000000000003
2,2.2475636140928787,-3.0096439230992291,-1.146604535330042,-1.0472075586636762,0.70646368048244146
3,0.51198933337665675,-1.7980815604364317,-3.1415926535897931,-1.4460282352000988,0.34044498189805861
4,2.6235667544812058,-1.8410128623019932,2.6486132207785391,-0.41401979696985514,1.0355769890550133
5,2.9949157721813635,2.1155626748088698,0.080824268841215796,-2.7207093276867451,1.1154960740085971
6,1.5070845189322377,-2.5075375207386745,-2.4798005414353348,-2.8947050009824085,0.87423229248154499
7,-0.49904422991534725,-3.0875438447781787,-2.0546135928227791,0.00014927548672911246,4.9927833841787921
8,-3.1415926535897931,-2.5959691979067774,-0.73857579575941346,2.1164464771030516,0.84537848176109254
