pulse_index,alpha,beta,gamma,kappa,detuning
1,-1.0970778291831098,-3.1392183011749069,1.529922713993539,1.3739158175031907,0.050000000000000003
2,-2.5714572451290789,2.4106211637070922,-1.3011012810953553,-3.1161381147290692,1.68166161543958
3,-1.3087602647761472,1.6533952474712217,-2.901641750265838,-0.2553953550717557,0.34000089355291602
4,1.4777364930273968,-1.8047505909858206,2.8872918893684631,1.1579342924572311,0.69447900750037195
5,1.637306132843509,1.9292621128659768,1.5874048534184007,1.8746070189857558,1.6311348024432695
6,3.003498157348468,2.9496077781280654,-2.9666409372578504,0.62328030917437882,4.9010450328994963
7,2.8390487882027826,0.48429393456254161,1.344708032282224,1.0711209446996521,0.76351724717183833
8,-1.0443702625502653,-2.8387131067231866,1.7689257097949709,2.8310697179460012,0.47268977331710632
