pulse_index,alpha,beta,gamma,kappa,detuning
1,3.117295206013555,-2.7762276000882316,3.1415906469553878,1.4944373027251594,0.050000000000000003
2,-2.1283792674713173,-0.47045109499391624,-1.5462623914563636,-0.61147775869468368,0.9987040956941271
3,0.9094867766836523,-1.7776150120023844,-3.1415926535897931,2.9321783221841611,1.0296113000274272
4,-1.1085710665902813,1.9305408584690906,3.0520342350379934,2.2996284932839837,0.59200429476218364
5,-2.8367888465411544,-1.1521956979756665,-1.7059197156480601,0.64341077221324106,1.3419417997390561
6,-1.5893992528331853,-2.1122425501253312,-2.5906633976501139,0.52363742089343568,1.0947344404789796
7,-2.493252603670677,1.4333104002004282,-1.7724400466658097,-3.0695341619528116,0.73211248303975773
8,-0.94059168287195938,1.2805704886450107,-1.2524821121071001,-2.2164138997028795,1.4100391943262938
9,3.1254331555594921,1.6346906865199311,2.0520963209726237,-0.33954106094774478,1.0939323636444938
