pulse_index,alpha,beta,gamma,kappa,detuning
1,3.0178988918242093,-2.1200858995549918,-3.1240167032861326,0.0013216365223792481,0.67614789631323147
2,2.708367076505823,-0.053392628831680299,1.5265661288850068,-0.60257785448519285,0.81899392046405939
3,-2.4900781641501548,-2.1093205632086307,2.909106393658667,2.3530382003850803,0.80836795364750758
4,-3.07645702848182,1.4650256317230372,-3.0725562306951253,2.7984302064535727,0.88690663994385399
5,0.1860217092774534,1.6284085784996813,-1.8471816502501182,2.8451616715490156,1.4326976907901234
6,0.027752095157276863,-2.0193328227013132,-0.31171967910421222,2.8898470839663588,1.0908723204161208
7,-1.7467965989334959,0.82364291164248482,1.6727212241492941,-2.566033761523022,1.5678951415938158
8,-1.0203526829445015,-1.592742599328862,0.19988035532525053,1.6651401250759068,1.3953247733743153
