pulse_index,alpha,beta,gamma,kappa,detuning
1,-1.545094101779632,-0.51640440085122019,3.1415787734308496,0.0056550000893814704,0.26509799926252536
2,0.68237008779719732,2.6622687008574397,2.8324458379455124,0.23696298732666707,0.55303259016980189
3,3.0869512648754274,2.6044054911171646,2.9560625047142715,3.0536072826926168,1.1630714091123813
4,-0.60980910477343631,0.16144935850002323,-0.34880151641131335,0.73541124847099038,0.23242751935791814
5,-0.84610220923095114,1.4004766989963893,3.0828350477970754,3.0492711250867828,0.22330852966155032
6,-1.070613576382949,-2.4986371659488262,-1.1696075625944071,-1.2225156942240949,0.84586194706798412
7,2.2496885629400829,-2.8701170696381078,-2.543428267467152,-1.886216017280079,0.99075186987191655
8,-3.1372324703837919,-1.0727308440463643,3.0396466285813344,-1.9000169763759744,0.99078281939995916
9,0.88492916644076791,-0.21193509681504891,0.32894245016590123,1.1081212002332137,1.2785145719045972
