pulse_index,alpha,beta,gamma,kappa,detuning
1,-0.78870637138302391,-3.1357379018115656,1.5297751537249213,1.0470463999885644,0.050000000000000003
2,-1.7359054470482789,3.1275510746935518,-0.99265885399644538,-2.5205279277216661,1.7478851034296048
3,-0.31351941777905229,0.28737660806156462,-2.3716045342524241,2.4986363044761188,0.050000000000000003
4,2.8859167267612893,1.1140282012081388,2.96203949987654,-1.9197868342940985,0.14787429057311752
5,3.1346899722642561,3.0586658562730338,2.995538349055991,-2.3779237002597182,0.52041629656125066
6,2.3174814333427824,3.074524086260189,-1.3947936129054257,0.11751282614976989,4.3596416538577198
7,2.7546932552331405,-0.31437446125817298,-1.4208234412460541,1.8837662514113902,0.5018658352506451
8,-1.0454223391272401,-2.947189212585255,2.2564964977614039,2.0868053193367322,0.28504702986880021
