pulse_index,alpha,beta,gamma,kappa,detuning
1,-2.2889674202439907,-0.61999721613108161,2.4154468317622309,0.00064428662201582306,8.8406432485970186
2,-0.17071218239479569,-2.9573558936228523,-2.2825788095534136,0.019029270420143258,1.3100168989913126
3,-1.1157197447586722,-0.021011404940366633,-1.024125712382286,-1.9727686910713043,1.1435519074766833
4,-1.1505467829007521,0.14715680499238035,-0.31076844938907117,-3.1252430525352581,1.1297723755122469
5,2.2117720265957921,-0.94501888615366425,1.5066264897734127,-2.6009139985294873,1.4336397339779441
6,-3.1415926535897931,-1.9585691302293986,2.1980618409072572,2.1844242104512417,1.2141748315178447
7,1.5767487073224016,-0.21675206466720109,-3.1415926535897931,2.1683020997722577,3.9757971315421727
8,2.3136863598032242,0.14923060508041752,0.61223919285140516,0.49447334945203097,1.5814661676317581
