pulse_index,alpha,beta,gamma,kappa,detuning
1,1.7819704362352025,-3.0763777342828886,-0.90162655083335463,-1.0629837971277103,0.13692046543248787
2,-1.5733453989683241,0.77822287033323412,2.5281944645955581,-0.37815682136251066,0.99999667855515006
3,0.039683898517845234,2.2697717413940457,2.511668604567963,-0.26190436976851028,0.99473179540099366
4,0.8281536459774973,2.5414594127491497,-3.1029561990876093,-1.4878930055869191,0.75107889029086594
5,3.091857852113757,2.0660427215348358,-2.667984543159823,-2.1354508181208054,0.91757493280917235
6,-0.01854878609393058,-0.67118557245143107,-2.0630435200209232,-0.90668512389539235,1.1033296466240428
7,-0.16421270697054771,1.6820316678720579,1.0442523432664566,-1.2131324203438125,1.1281008525768286
8,2.4679616058092302,-0.8747989382148138,2.8579450867759997,-0.70972067617006374,1.2684378220326173
9,2.0931405402946588,1.3219509296846654,-0.26335144060625176,2.539497251346762,1.0756044647331588
