pulse_index,alpha,beta,gamma,kappa,detuning
1,-1.3931233544946009,0.0069867869638522385,1.808227802967775,-0.16649869928572938,0.050000000000000003
2,2.7426269093048075,-2.6549712601485682,-1.5745391487894109,-1.9634951658573105,0.050000000000000003
3,-1.6405016361803375,-0.48174690486077942,-2.2463620955158432,-1.5403753708381389,1.0571541093786954
4,-0.46560396069256027,-0.30177133980167331,1.1339908339715847,-0.61995103001343799,1.161021254130536
5,2.1773157812400683,1.3725595971797815,-1.4609992385354711,-2.9296813277912519,1.3512924272011839
6,3.0299759936221289,-2.4641617391531212,-2.0045481304958748,-2.7593918233441679,0.71360052026711596
7,-2.8770200255652298,-2.6320467984664599,-0.43741936048735686,-1.9918789264622212,1.0194240296087576
8,-1.9035852882888782,-2.0752806994038062,-0.78799781865877316,2.8484708187583405,0.9234894153941835
