pulse,alpha,beta,gamma,kappa
1,1.2143851427266434,2.894422726774204,-2.1531309023921983,1.819362613760549e-05
2,-2.478245881555716,2.0060672669658053,-1.2163032355752625,2.2142007467491402
3,-2.279865287490493,-2.2904012451171893,-1.0173800670318334,-1.6892550357908507
4,2.076257073363984,-1.8494742718958646,-1.0634689563902417,-0.5010037605547344
5,-1.6108896636772807,-1.8959983237389952,-2.9356246201331535,-0.10996200864269354
6,-1.8872353148956118,0.4082964754212412,1.5327092710083587,-1.3625285658259054
7,-1.3424273480984186,2.965168610294263,2.8971014928844716,-0.016790789532903822
8,2.6964252172714316,1.1205853828324008,1.6617417391590037,-1.1580805389622524
9,-0.9577330128437119,-1.538987883212273,-2.6689276334875918,0.09548384522049531
