pulse,alpha,beta,gamma,kappa
1,3.1186771075688364,2.29253120431929,1.3216396484490356,-0.0002305430342652247
2,-2.342995876124063,1.5840156703015171,-0.05088550894581928,1.5846935597079541
3,-3.0955706629906885,2.746117048325326,1.9517104256021491,0.7259482937879085
4,2.2491382364078705,-0.282696805675103,-1.118151945847367,0.7221835496769246
5,2.8016334426011524,-1.8415939528220944,0.18872539052189172,-2.5653463647667767
6,-2.362624495744682,2.7459164621870378,1.7206528927754965,-3.141592653589793
7,1.0687946879112484,-1.3657936674080295,-2.109019205857535,-2.0087427567797893
