pulse,alpha,beta,gamma,kappa
1,1.5733013014256212,-1.192907756844522,-3.1415884675507404,0.2098994340828577
2,2.5440013423120016,-2.874733479636806,-0.2032873808818176,-1.2397190023632605
3,0.3874383047065634,-2.429309245390604,1.5521937175288099,0.9751613005345954
4,-0.7652456875156035,2.695339585850901,-3.078956701471442,-0.37687425843617073
5,1.6743369425584382,0.7115829673189392,-3.052359255481273,1.3006653194882352
6,2.2978977960535545,-2.9201200275650954,-2.8871579015917193,-0.31127803154447525
7,-2.2855042141599697,2.219354818525965,-1.760092787610419,2.001809801092566
8,-1.7084731963288782,2.297867858827971,-0.1444246091198757,-1.0632590457011293
