pulse,alpha,beta,gamma,kappa
1,-0.996546149874857,-3.015083331966877,1.66462507393645,-2.9295945578998706
2,-2.73515424594533,1.2369703015993565,-0.8076310218803882,-3.021626544277945
3,0.640459825837231,3.1386677904957136,2.465446624320425,-2.8663945973428975
4,-2.256351770408587,-2.6672330381672005,0.5806679182783078,-0.04026670638340143
5,-1.8168471268006674,-1.6002328915476522,-0.804614900517041,-1.6047507763169384
6,2.3918021605486857,2.228851755735793,-0.5484786437279903,-1.7741124498031375
7,2.6057102413896334,-0.7023376960028641,-0.4237351434412553,-3.1122080433562376
8,1.4630678650945463,1.1475704909311215,-2.9862731890591276,-1.3260270151942473
9,2.882668115489709,-2.5591827696177214,-0.06426914357697756,2.2803947506642888
