pulse,alpha,beta,gamma,kappa
1,0.9252228296656103,3.106728426470019,1.7388970581920693,-0.0007910376857290064
2,-2.9816744907071713,2.8299160742340117,2.759633719090431,-2.252667397693085
3,-3.1218480121091057,-0.011297078194101034,-0.27803568092453257,-1.9670802457074879
4,3.0680082651954614,2.793061907444363,-0.4722899131231768,-1.776278963913903
5,-3.0591999228409668,0.10405978516361546,-1.8938905577704137,-2.470412176723959
6,-0.31324196119309733,-0.24116825236982345,2.849633155092465,0.13765290796887722
7,3.099060676419281,0.20806967614811342,-3.0088066184391495,0.8157775878902277
8,3.0234195381205655,-3.029437196080266,0.6026200584531551,0.3286533884803281
9,-3.1415549678353774,-3.1278677004471103,-2.438332325164835,-0.001044217983144794
