pulse,alpha,beta,gamma,kappa
1,-2.051529410761919,-1.2980309073251437,-2.9104348765794477,2.8046308149260664e-05
2,-0.6855027956500642,-2.840184427456696,1.689159481608902,-1.7195950870625742
3,-2.89510456313144,0.7931021414789345,0.9084345999358471,1.3711244340381337
4,2.2876382692578385,0.921263318917205,-2.967931702861908,0.4534445481251122
5,0.9285877542518353,2.5735998520985177,-1.6919354815776357,-0.25158936824254063
6,-2.3028669411601896,1.902231945347622,-0.5167875319978171,-0.30781819150802286
7,1.643834358811845,0.5668087144110706,1.1763886680290319,0.6208238367292404
8,-0.09852524227006261,-0.35416158596695074,0.015425840247399063,0.025747666085821113
9,0.01837469606283083,0.06137336100127304,-0.09849031203749069,-0.021019061473838987
