pulse,alpha,beta,gamma,kappa
1,-0.2243633518227204,1.2257882966876454,-2.181153874575676,-0.0007262414813407933
2,-3.0244956382037147,-3.1382153996727564,-2.542382776616866,1.8892988701964781
3,1.7129945995938782,-2.94120121788997,-2.126280129086183,2.749494918308712
4,-1.8728047043311409,-2.645044665813037,0.9363677219583602,-2.125430107218599
5,1.6272740478102823,-0.825077053331549,2.774919224558694,0.8437940412306655
6,-2.4327958270939996,-1.975448884481187,0.3061101421538931,-2.6922122090803504
7,2.2619019764525343,0.9141407741610976,2.7400806542777474,-0.8285628317967922
8,0.7700729401002582,2.9313700287495146,0.7138826726280317,-0.5987670779209785
9,2.785876300279566,-1.9464209697875945,0.5020713494878918,-2.950498517392719
