pulse,alpha,beta,gamma,kappa
1,-0.6564136826156685,2.2748533296961235,0.010924812034150196,4.2814529163666173e-05
2,-2.5816588966095892,-0.9804472601919695,-2.546446163894747,0.00011249885724888128
3,0.14832433284630123,2.2710343503158477,-0.5964443623015175,-1.4299537859338374
4,1.4174503566476062,-0.3710088504694474,2.1034653496465037,-1.9392583331967206
5,1.9722140053256632,-0.5843121504990736,2.51058441320762,1.9992221564903891
6,0.42045715649192394,1.6192504762332094,2.1563144505187464,-0.5176013066479925
7,-2.5616765666533894,-0.26923591397225244,2.423755431344545,2.539228767222387
8,2.660652148743855,2.885712344826541,1.2919551156117508,-0.7444764954215787
