pulse,alpha,beta,gamma,kappa
1,0.1149943500523629,-1.3398828332096784,2.764429429206257,-4.074362431669967e-05
2,-1.987320566286934,-3.0091338076401595,2.8050320443890424,-1.1316170102212624
3,1.10780212458254,-3.141592653589793,-0.8746377132771704,0.7420542077946514
4,1.9231778366119443,-2.783695369627408,0.3517069915152014,1.1545110528972913
5,0.5717382868802016,-3.1412241610861145,-0.8807042664209358,0.027832403920350468
6,3.1074906521908416,-2.7228954558572993,0.9882792920963515,0.9191994673152322
7,1.9476982788840491,0.4440329734648586,2.1704706573129937,0.7587111849563947
8,-2.7946275452120464,1.169985348623722,-2.870658188175426,-0.05207333464631387
9,-0.16657875786034534,1.3706658472425395,2.336277720549655,-0.8954747816390219
