pulse,alpha,beta,gamma,kappa
1,0.8639246560388293,0.671083196877425,1.6930189856080304,-0.7185567860610033
2,-1.998606731718174,2.7128518685319176,-0.8398474816163154,-0.45260752428195633
3,-1.793942792006083,-1.379858645314473,-0.4951571963372446,-0.7421005752277864
4,-0.372649018864605,2.9578487786216168,-3.019711389591289,0.06449604319345993
5,-2.675856429063975,-2.5139856369385654,2.337072833745452,-2.369125314993452
6,0.44709245510542744,2.917059783621618,-0.930330981638227,-0.23394012545432055
7,-2.5902023693789835,2.8402283970280195,1.5586432068191989,-1.4555353641679314
8,-2.34943468970842,-0.6001855420217528,2.101141480531504,-0.9648045548553184
