pulse,alpha,beta,gamma,kappa
1,0.8597307288831075,-2.567407946934419,-3.0194892358412564,-0.11314456739691219
2,-0.3547418485869742,1.5996880626163479,-2.936033387310825,2.3836156317020607
3,-2.117978685127592,-0.6357962051146485,1.9486746002591657,1.5928132440779645
4,0.6097962412355766,1.291795089813786,-0.2777049561425813,-0.6561732251546899
5,2.5618283502290353,-2.1441172108942226,0.3546817104118807,-3.0402872803473056
6,-0.034996782433044125,1.856411792227152,1.7746631784944997,1.0319965675842948
7,3.1037562160536756,1.0408799967207454,3.1412879199039607,3.016900662954984
8,0.020704359205671114,-0.06967621465727472,0.021342793897973576,-0.004853763244125353
9,0.02005490719958571,-0.07622266873259412,0.02068499272148218,-0.00595347274105064
