pulse,alpha,beta,gamma,kappa
1,1.500381116910975,-2.668862367272377,-3.0195125999655383,-0.00021493376091066748
2,-0.5524242308579516,1.382424959987704,-2.295389663025012,2.5766352902152447
3,-2.349523095321916,-0.2610382271355094,1.7509942772319984,1.4414526077515228
4,0.8511059466842421,0.37141952706908704,-0.5092421521746715,-0.7434288970679742
5,2.1432320483362504,-1.3591263593968366,0.5959910333042734,-2.965812241995958
6,-0.24120040204901405,1.3707248995393086,1.3560471300408388,1.108544698091156
7,3.003206594415462,0.6630296727937967,2.930135848811318,2.9401625016964843
8,0.14657902565758407,-0.04804904547360753,0.14235589657988157,0.08559392341872873
9,0.11094651512193959,-0.009243977754766135,0.14653237565873656,0.00566818584800885
