pulse,alpha,beta,gamma,kappa
1,0.5390096630475003,2.999518135278566,1.738829277041763,4.239731128739856e-05
2,-0.8541555887450696,2.8410520236498225,2.373594924503952,-2.8439787881173824
3,-0.5664688370950679,-0.4469692923571777,1.8494148822732663,-2.670600733441401
4,3.141592653589793,2.630663604712007,2.083097018147594,-2.8548071210910595
5,-2.8986309158419727,0.40245625683702735,-1.9565791015039773,-2.9292092070036237
6,0.13885047297608974,0.08875796909189769,3.010203360691606,-0.6695456429664352
7,2.8367696031896132,0.47366366292604406,-3.0590247760268174,2.5701123805924446
8,2.617726212288818,-2.7026976386349846,0.1630684434777355,-0.13023373423356288
9,-3.1415044783711066,-2.956502156337769,-2.4691631640328287,2.248087615349854
