pulse,alpha,beta,gamma,kappa
1,0.7762732354752343,-0.5573222475094718,-1.8783123003077222,-1.3844247883278102e-06
2,1.858266566629932,-2.200101034700111,2.676798365425207,1.280033238000512
3,-2.9536094978078813,2.159899902544187,0.99362004396708,1.8277615812525154
4,-1.4764029864448995,2.7995764617806,1.6477524635079697,-1.7926724039591933
5,-0.3619867369517527,-0.9138535516450423,-3.0865432510423143,0.9605700331932995
6,-2.855128777408964,-2.1927801193315752,-0.395918858810599,0.5031711116481504
7,-2.738284988866357,-2.202858286886122,1.8923901499887708,-1.374001545408754
