pulse,alpha,beta,gamma,kappa
1,-2.238714591885112,-1.4529973417368427,-2.91040886395809,-0.08149891501287602
2,-0.8274218906077957,-2.664564803967376,1.5019865739608693,-1.8449126246332053
3,-2.9370774448232666,1.0283258172066636,0.7665083269111045,1.3707586958033284
4,1.9512172810752517,0.6365136637060423,-3.00990818277376,0.5456552896147535
5,0.5921389877279876,2.8508203202680384,-2.028325260198912,-0.07455205446477066
6,-2.5224513980494248,2.0261586750438076,-0.853235150762039,-0.4365756619863753
7,1.6043724193494344,0.33623678035771826,0.9568076406152858,0.4124802819420419
8,-0.01946253888082255,0.061987044645460655,-0.023994516683192427,0.08401839063711528
9,-0.014489464120694157,0.09675805006644607,-0.019438076641091068,0.0687880491729306
