pulse,alpha,beta,gamma,kappa
1,1.2533776180377059,1.0748137719631896,1.6930363497881142,4.406529125319295e-05
2,-2.0583671936699366,2.627949072167223,-0.4503961569074969,-0.41802375573427364
3,-1.7981954566370104,-1.5297022598821426,-0.5549509084651519,-0.6008963266226655
4,-0.42322453298638096,2.3586474791755196,-3.0239321635666925,0.2305529470385401
5,-2.4594552893276234,-2.6058476890757656,2.2864949224365616,-2.0592120992349456
6,0.24791771280605335,2.5611700912614417,-0.7139333215298181,-0.3436887906762905
7,-3.094597210820914,2.8131562138482655,1.3594670298825353,-1.4992349467403998
8,-2.3210347424973587,-0.8405046297790699,1.5967321501308893,-0.8296135886557946
