pulse,alpha,beta,gamma,kappa
1,0.9138539185448611,-3.141592653589793,2.8807595191352613,-2.40384891542193
2,0.08436925880399153,-0.2993006164675254,1.3728770013717055,1.4601488510369272
3,2.0085402251896385,-2.714395101439939,-1.5558745831794791,1.1434904523521718
4,0.29270626624990637,-1.2147597449591312,1.2052166932896222,0.26794117628647446
5,-0.9970062719048574,-0.5113220645851663,-1.6492654199539631,-0.6567905428577596
6,2.2999345320082845,-1.3168093303537522,0.7257593139778493,1.704614974633346
7,-1.0431416579343853,2.0525306518568316,3.0554816799474414,1.4591990345157748
8,-0.15317012131278393,2.229862396887337,-1.286473625357503,-2.609045137926564
9,1.385447332410547,1.6445285283186108,2.8701277794903284,-0.18722858384957244
