pulse,alpha,beta,gamma,kappa
1,0.0441916636053184,-1.2049465334692118,2.7644382338476285,0.0029509381813948438
2,-2.0888446347838805,-2.793010345536893,2.7342243161961055,-0.8132854333986386
3,1.0947566636506225,-2.872106965677081,-0.976164951298908,0.19567940494740158
4,1.9610372384128383,-2.710509317934079,0.3386544184942239,1.4356031952301462
5,0.5310731088881853,-3.141592653589793,-0.8428444121624429,0.34486200396755784
6,3.090783211145836,-2.80752259572737,0.9476098335610417,0.6578363260728142
7,1.9753555837447951,0.6399031753219478,2.1650957566877054,0.7264160723452329
8,-2.7562202522997152,1.0079770101960028,-2.840106904301737,-0.00038644448101869244
9,-0.11813673360609075,1.3740067720774678,2.374689673933433,-0.9075031233685484
