pulse,alpha,beta,gamma,kappa
1,0.9493766231523179,2.2311143952695565,-1.0085196902421973,-1.8072650820036964
2,-0.6530630679426541,-1.0423360416329635,2.8954171281126344,2.594431455472972
3,-1.2047040512586016,-2.674973013345838,-2.897318320552985,-0.7520029044765097
4,-0.8649610077908142,-1.9164111085438522,-0.6802695636269026,-3.139908319572077
5,0.0036799171894120832,-1.5829641397168113,0.4596928449615773,-1.7909011908664885
6,-1.7581725777662058,2.4658381296888825,-1.496657446604769,-0.7964077316496594
7,-2.906679235675034,-2.2930711019917775,-0.006889587688608641,0.783442514654223
8,-2.3276752383852104,0.19086872795910992,-2.1392336279071045,1.75860169785045
9,-0.9191777495195755,-0.12861990109016086,-0.6132526305131824,0.09280969525908213
