pulse,alpha,beta,gamma,kappa
1,-2.901086194442696,-2.998840820950319,2.421533130562959,-0.9488469274857886
2,-1.4372926446090566,0.13351142459548018,-1.6303494154396243,-3.1106074440248244
3,1.0123161188393834,2.027399221147192,3.129989780362148,-2.8412117783390323
4,-2.333120003161593,-0.16063867021326728,3.1382530284510546,1.4037250395461365
5,-0.01007668600746145,-1.9981009989023129,-1.8455063745458222,-2.741206226211768
6,-0.14990603588546367,2.6449558001211977,-1.4641679188240706,-0.9659193287336353
7,3.0475374728072344,1.4999904065189826,0.7854156139736845,-2.125777735491249
8,0.15826091122247882,1.647461360706589,-1.8853570013648937,1.2627675583285538
9,3.141592653589793,-1.3296477937019322,0.7320791837431996,-0.3093859276520714
