pulse,alpha,beta,gamma,kappa
1,2.656197019328913,3.141592653589793,-0.6671183944994804,0.0025170515180165335
2,-2.9363851974989887,0.6301976047078557,0.9934583925256546,2.2521098125918018
3,1.5248639026292845,-0.5855582482478665,-0.5948518620281524,0.6084094369671824
4,2.041016843036401,0.25523506416247493,1.8009802602891771,-0.7657686493834168
5,3.140952443637667,2.301635967731235,2.3525896000554267,-1.3773589247244122
6,-1.4028699029953902,-1.0151974989673882,0.1370451324001308,1.7080836544317028
7,-0.489384818054636,-2.7177383144551572,-1.5870740099625766,-0.11771696853519655
8,-3.0704148337234174,-1.3686507293660513,2.1535361634313497,1.1449605676688837
9,2.6379676091431437,0.6322657730530805,-1.9325313915829787,-1.5050120925872201
