pulse,alpha,beta,gamma,kappa
1,-2.1421143724046203,-1.3634821249332592,-2.9104238212195876,9.131085113430843e-06
2,-0.7081058006443304,-2.8269043873711226,1.5985798445134483,-1.762755731698661
3,-2.9168912157134246,0.861794015022823,0.8858178253135011,1.409720945247202
4,2.3065610284932645,0.8509070544796414,-2.9897193449886497,0.44309299963287413
5,0.9336697064185476,2.580983686384391,-1.673011482880154,-0.28808573712140745
6,-2.4092175615080733,1.9201172980806598,-0.5117147551331097,-0.2794619199454494
7,1.6353169840038806,0.6284052001408532,1.0700418846199777,0.615314674612475
8,-0.0246254384952943,-0.16974625031033708,0.0069103592650504074,0.03100793261701095
9,-0.01753922410681674,0.0343718073347284,-0.024591975538521542,0.006555336641522073
