pulse,alpha,beta,gamma,kappa
1,2.4525322307247146,-2.4602340824939706,3.0056257092137377,0.0012309778354037241
2,0.22744555692093169,0.20912202030860322,-1.9089149642529666,0.8420362391526396
3,-0.8808710715746666,-2.324776335897198,3.141592653589793,-2.629981085294402
4,0.3480445043350733,-1.3566906178042004,-1.4398090395681216,1.241735352817146
5,-0.8919062635932627,2.288993912111342,0.5408678490251669,-2.6458434209787134
6,2.248870000738643,0.4284362361619866,-1.0780324976072566,2.7426832815544304
7,-0.11202227623883787,-0.8883730738066268,-1.4578530474984792,2.0136865162159068
8,1.8986841887700572,-2.1754392829902875,0.9773319974680852,-2.5191775692780927
9,0.5782660500666511,1.0340194038850354,2.8661433395203435,1.6347904082569062
