pulse,alpha,beta,gamma,kappa
1,3.0344851486968265,0.8198547861965281,0.7730522761350707,-1.6423509509296677e-06
2,-2.8002872609679637,-0.03211836021467963,2.058482069239544,-3.141592653589793
3,1.5260603221406985,-2.758381644035627,-2.352459222925283,-1.5627165416372486
4,-2.7145464606124006,2.0783886435873336,-0.8982714998756945,-3.003720073452105
5,-0.7226646574153046,-1.8423217434391632,-0.05907636966431967,-1.990742884645261
6,-0.9391953153098975,2.8500516388648394,2.4539315882493735,2.132060423268427
7,-2.2839821897163106,-0.39630881169340926,2.959032374018327,0.01863327881276669
8,1.8093179872822023,0.90726186323773,1.4902088002606655,1.0751833857290978
9,0.3134561585549859,-0.1972739973591687,-1.4235254210478918,-1.5558824485358744
