pulse,alpha,beta,gamma,kappa
1,0.31850446903892043,-0.3351706319942294,-2.441047208895046,0.00023846277476891634
2,2.8305547116877006,-2.585939329069985,0.25178415349207556,-1.7066936188047597
3,1.447165424295834,-1.1399043342760788,1.8427033564808828,-0.942656546396844
4,-2.7161452325041124,1.1910886843297939,-1.6550474328742477,-2.4317050966425158
5,-0.637791118907621,-1.1330242232837633,-0.07455503989866662,1.0954395393224479
6,1.0314332307519902,-1.824232189231033,-1.830359932888803,-0.12754973060175911
7,-2.0213478272364123,0.653571726253946,1.4818176903275067,0.24335415903576924
8,-3.051888370339941,1.9513972795759358,-1.2505640830155613,-2.044262681876225
