pulse,alpha,beta,gamma,kappa
1,2.647760219375098,3.013373001246623,-0.6671169205710106,-0.0001365511575377018
2,-2.6071648680713126,0.5674825063980657,0.9850261560100544,2.3178694664608375
3,1.7976809104280038,-0.6208562910025242,-0.26563195220772867,0.7836102160826477
4,2.0167704827131585,0.2357860419584741,2.0737911260868427,-0.856293619341648
5,2.8077693380427573,2.337255695734523,2.3283495028060703,-1.2636780740091458
6,-1.1557859098845011,-0.47229747525092997,-0.29792612518801614,1.7558889087597724
7,-0.34386147470062917,-2.304433221580886,-1.33999114437654,5.172832477496757e-05
8,-3.0743760243487213,-1.4382830385222436,2.299064946867812,1.0814543382076993
9,2.6120353198920667,0.5921953794173145,-1.9364910934446602,-1.5527756635931882
