pulse,alpha,beta,gamma,kappa
1,2.847089103327648,1.1253131061275028,0.7730564755461602,-2.068873611253318
2,-2.714819792981961,-0.7523390889172674,1.2615856883163141,-2.86940317522143
3,1.076849677747905,-2.0546350932045705,-2.2669852440760763,-1.5030127426238862
4,-2.552373706229652,1.332068223886104,-1.3474836413540079,-3.000271151335298
5,-0.5228677186420647,-1.9845533257357255,0.103103829568081,-1.9623387804057597
6,-1.1230166158214403,3.019288975166757,2.653723123571927,2.6437811493454535
7,-1.7574682672624673,-0.34896748110620196,2.77518799805072,-0.1604483253421567
8,1.1905787638877023,1.093198202123629,2.016719300633495,0.6420506538446753
9,2.164855663988139,-0.23954302939194966,-2.0422695864807587,-1.742334137637961
