pulse,alpha,beta,gamma,kappa
1,-2.53169157414513,-2.6853055994328727,2.421523434666918,-2.5304737676029054
2,-1.4662285711581124,0.6860067099642964,-1.2628139124535662,-2.8775894865759133
3,0.5458001615818034,3.131540388941923,3.0017764440879526,-2.939976757669033
4,-2.3667941962862242,-1.7979375376702988,2.7506595552290207,1.7125749769514573
5,-1.2467011697996866,-2.322194913101156,-1.8791671009443436,-1.3235775960235798
6,-0.11074188762564444,1.9564135470831034,-2.700789413837944,0.0885957832900287
7,2.600581852746156,1.1848569201667627,0.8245756325486855,-1.3487194393046054
8,-0.2668621538698342,1.283726132953741,-2.7942751854688033,-0.19432023374393212
9,3.141592653589793,-1.9062541802124058,0.3069504072904183,0.46404305298867365
