pulse,alpha,beta,gamma,kappa
1,2.655605433507065,2.8119823031178433,-0.6670991509661901,-0.7568961798756925
2,-2.5043096619766727,0.4329520122625903,0.9928424014628434,2.1988292977036075
3,1.9361223320908043,-0.930510505581286,-0.16276785795563245,0.8636601826447705
4,1.7730442681332945,0.20146904935645682,2.212242625552888,-0.8451661583961824
5,2.809444149723737,2.033803655842414,2.084619848860363,-1.2427130754045477
6,-1.1967264180988613,-0.3748132538676408,-0.29624780421508984,1.7817854368477977
7,-0.3588631070090771,-2.255250193645019,-1.3809174376415845,0.03293732103982297
8,-3.043510215761362,-1.4032942293608792,2.2840623788737062,1.0954249969090026
9,2.5306110351277264,0.5416920039605462,-1.9056132370249435,-1.5699646128586549
