pulse,alpha,beta,gamma,kappa
1,0.029885819779356025,-2.971382205508234,1.1638566949508833,-0.028351393254780845
2,-0.3937611565487784,0.5245107304015907,2.99238615368373,-2.95408414290613
3,3.1389274609215416,1.8676987656681585,3.0574504632133412,-2.9431494021386997
4,-1.9599753158070785,-2.826022061820334,-0.6126397501386132,-0.20001466636888948
5,1.273968983107451,-3.0780142793334235,-1.9116020183103013,-1.2811385300294502
6,3.0830251311661327,2.087246777588853,-0.6179747360317333,0.6125549974990028
7,0.8752990468700944,-2.5824537943381634,1.9930226734053875,-2.8247796891749686
8,-0.8421123288172486,0.5081480606247712,-2.713080265499496,-0.6537495259209666
9,2.318256369245239,-2.584692557929299,-1.6989273583651086,1.2461797511128154
