pulse,alpha,beta,gamma,kappa
1,0.09002396892509427,-3.1399288806401233,1.1638503703218577,0.00014226124014702336
2,-0.5495527289620225,0.017451114592498883,3.0525378886825156,-3.140388196464702
3,3.0953692753506092,1.7799224975078012,3.1414346429007507,-3.141438621893354
4,-2.2415856914466743,-2.980574988415672,-1.056144070619745,-0.08045684192068518
5,1.2639520512880957,-3.0180338137983505,-2.1932114381306476,-2.157834594363072
6,2.976278862369148,2.0670705740194246,-0.6279981868630113,1.4273629423978706
7,0.6808989433736023,-2.5271486013455537,1.8862762615160027,-2.869221486664829
8,-0.7560918023689387,0.5659410190162378,-2.907475673389166,-0.6026990842516637
9,2.157275901627451,-2.576213743139859,-1.6129111948569512,1.116177686066415
