pulse,alpha,beta,gamma,kappa
1,0.6421847635803228,0.32274010765834377,1.6930180310356195,-2.3718747003552374e-08
2,-1.3981533868399396,2.3890731409516723,-1.0615857022835242,9.22786428591251e-07
3,-1.536968271745006,-1.7940211800632007,0.10529727296769985,-0.46558715067727036
4,-0.05601462498366521,2.6318902803855146,-2.760047548721653,0.1942542170012351
5,-2.889916507227463,-2.821162643366093,2.6537097271539203,-2.4277537722213562
6,0.2033669284175399,2.525443270508499,-1.1313874725028794,-0.018465282270720623
7,-2.7906943750610553,2.425494185574165,1.3149187518350514,-1.5623262031197511
8,-2.5121416538834818,-0.8800566799968369,1.9006485252877972,-1.0708064925576808
