pulse,alpha,beta,gamma,kappa
1,1.4738702039795433,-2.702607041281232,-3.0195067942565568,-4.967114667910602e-06
2,-0.5212385851179007,1.4164380082786723,-2.321912558855512,2.564144857493055
3,-2.267988115367189,-0.26032521183008267,1.782196531174776,1.485975779234767
4,0.7512980242314177,0.3945751878385311,-0.4277081628217264,-0.7541056397913943
5,2.1386619801001983,-1.4209672100838509,0.4961917748744871,-2.982939285183325
6,-0.21501094529357903,1.3490958056453,1.3514699823105634,1.1049386623498905
7,2.9966405122380464,0.7224604965591627,2.9563175678853866,2.970656354339481
8,0.1395930236147941,-0.028794863857650742,0.13579300648282835,0.04932803599760099
9,0.1235268668531542,0.0689042403189887,0.1395386864254554,0.014634139785261626
