pulse,alpha,beta,gamma,kappa
1,2.637342448194699,2.863406573988061,-0.6671162008809504,1.6526469184894104e-06
2,-2.511081008198178,0.6096203248872304,0.9745697103305025,2.1297635839953233
3,1.7713179287437026,-0.9184167310020804,-0.16956127383655217,0.8760099739828027
4,1.9183795747618102,0.2567826011796129,2.04745956715537,-0.9176683435922169
5,2.816976796641471,1.9879012303783905,2.2299533557101965,-1.140445179073289
6,-1.1280417012845785,-0.36647851534580506,-0.288698995037182,1.7270702492168262
7,-0.38210682168416843,-2.2381152273115927,-1.3122344609018897,0.03301752279154124
8,-3.076102181342379,-1.4222532357724227,2.260817071518437,1.0675486229179105
9,2.6287281664482838,0.6474070382032661,-1.9382070625656356,-1.5278042075863352
