pulse,alpha,beta,gamma,kappa
1,1.2678098939978752,-2.6550829538817102,-3.0194861919527725,-0.002367699302191694
2,-0.32426716454061644,1.5201975114518862,-2.527993937187278,2.482600605435884
3,-2.1337681096127414,-0.38342167258159315,1.9791628426906043,1.5770390879133365
4,0.5484349693321391,0.6355093885511609,-0.29348327374364597,-0.7274242000230317
5,2.160676283048054,-1.6529711001841905,0.2933292936346296,-3.0502013491418634
6,-0.15539368878722312,1.6102089367563899,1.3734727126419757,1.0964365413870323
7,3.1361361575846307,0.9399830100140739,3.0159134618525276,3.019055604838824
8,0.08341271381397602,-0.001164794802650789,0.07689212038941198,0.0027565912732019416
9,0.09295849270366628,0.016965779709044032,0.08334902209547082,-0.014057096934352992
