pulse,alpha,beta,gamma,kappa
1,-2.3478327330035915,-1.6922168196488332,-1.086127335867622,-7.650141587917595e-07
2,1.039562266123051,-0.7170842289895598,-2.941646448254529,-2.253651288053654
3,-2.139679953240247,-0.4535215615709934,-2.1853499741561038,-1.5953795319593953
4,-0.7151512137444285,1.3264824412107799,-0.047347483883243176,-0.13719318612068165
5,1.7387624988099288,-0.9890131051282214,-0.47243239567197076,0.14835542851552583
6,-0.15703732623856834,-1.2387787424859635,-0.3825305668868839,0.1601051204485405
7,0.2593333394261337,0.5519149543542048,0.03682126116351412,0.1260921713309498
8,0.03790392271099626,0.03130097493671884,0.03436443429341138,-6.882664457531786e-07
9,0.0383138314355959,-0.10675611684483319,0.03790974507597599,4.256253723056799e-08
