pulse,alpha,beta,gamma,kappa
1,1.7842789576583795,-2.826854532443738,-0.9015983050234518,-2.4513239844422937e-08
2,-1.7927210277063883,0.899794345971553,2.530575401511073,-0.8409541213670855
3,-1.7449915202965711,2.630541582020056,2.292204935452355,0.30086860449510217
4,0.5579320736215482,2.7664052640862877,-3.141592653589793,-1.0914463672418488
5,2.793199597290032,2.567654406934834,-2.938223488750385,-2.177260282147201
6,-0.304027470568671,-0.6799981060249626,-2.361749231525006,-1.510171478907773
7,0.2213972138810543,1.4897067832245607,0.758779371025522,-1.9837359289049963
8,2.8236267111086213,-1.0724179375546339,3.1343111287773766,0.08928751401846567
9,1.7731346998631128,1.5242544662853978,0.09227529457165416,2.182236303376734
