pulse,alpha,beta,gamma,kappa
1,1.2949753037364748,1.0014221364853813,1.6930387268248772,-0.0009770414099139163
2,-2.0165677342583925,2.5851590848174086,-0.4088044489746367,-0.425103615014065
3,-1.8598767327995216,-1.4846061691188457,-0.5131451734526853,-0.5646956930805734
4,-0.42034430098906417,2.3745017374503177,-3.0856154319489044,0.262005295459784
5,-2.4126258663447646,-2.618306445326252,2.2893833719478707,-2.0362403793991497
6,0.29811990973895414,2.505810495790534,-0.6671008846510571,-0.37474379723786494
7,-3.062439105515233,2.8002091353312255,1.4096672241360388,-1.5073907417811803
8,-2.3406124533988804,-0.8496145423683529,1.6288901084755507,-0.8346149591642296
