pulse,alpha,beta,gamma,kappa
1,0.6949440887956513,1.6579534924983212,-2.81325280626357,0.03850315375786789
2,3.1229493834748907,0.9927950289000662,2.39015339022547,-1.6494174997865996
3,1.6720894220911715,0.09526542563267819,0.4327392297832289,2.6851315112378225
4,-2.780296323784693,3.013139108370726,-0.9479056710180802,-2.3464947920219563
5,0.4197617699680369,1.05832049051032,0.6394109669566455,0.8456102325869268
6,2.8295087948295325,2.1830343821176883,-1.1069192666424112,-0.4156610310208471
7,1.0777124680955044,0.6787039735179513,-2.006620049182448,-1.4048217109369552
8,2.3119199763298477,2.683341363779416,0.345135952379977,-0.9805754548329246
9,0.9270765758444705,2.9675948740846056,1.5495581793237325,-1.4566051685500547
