pulse,alpha,beta,gamma,kappa
1,-0.17437716194707648,-1.4313241484413937,3.1415877554375924,-0.3592627211254817
2,0.7597342906515241,-2.881763773974356,2.7689960495874852,0.42601209831041115
3,-0.1232093913633107,-2.4809164562408674,-0.5961299816250428,1.5515124041154829
4,-0.08282831097900743,-2.9157376065350284,0.6501645389803026,0.007512003381433316
5,-1.8944530292294988,-1.6708105485112912,-3.035738405694906,0.0485511795475646
6,2.8086026786018214,-1.8263310533061181,3.133687630550864,0.11217676112233813
7,-0.47316244004125646,0.47916788002411914,2.808150699117497,-0.1657827759195734
8,-2.9923767281285567,1.004395449110428,-0.4571152039332518,0.3033482610154296
9,0.8635585356933624,1.1206090901731014,3.1407282942472494,-2.02928730945511
