pulse,alpha,beta,gamma,kappa
1,-2.3546727064230097,-1.7067215776106788,-1.0861273206579192,-4.198329217057332e-09
2,1.0425808713122477,-0.7142682053239626,-2.948486442841803,-2.2514457572394204
3,-2.142291735665808,-0.4698788742279823,-2.182331357438667,-1.6001017763645242
4,-0.7146835818449698,1.3317464909689904,-0.04995922456727005,-0.1280849211442984
5,1.7253852576609248,-0.9903768191944589,-0.47196477484031873,0.14971742241461578
6,-0.15381875792978594,-1.245708548995297,-0.39590774173210314,0.16833231871217227
7,0.26016392889739265,0.5517259347776818,0.040039821655262306,0.12677269384057305
8,0.038591267509742865,0.03251380642437471,0.0351950186536144,-2.4404278140130663e-09
9,0.0394851550117206,-0.1051941427343608,0.03859705906482752,-1.4255255409664609e-08
