pulse,alpha,beta,gamma,kappa
1,3.1002036903904546,-1.6654689232578939,3.141587058723112,-2.9624481025796867
2,0.2639837484076303,0.6958203440211393,0.2386346945727735,-1.0432565673473044
3,0.03595167896430423,0.23024905170742876,1.1974788158746217,-1.580966605917501
4,-2.660914511461028,-2.8900517921678057,-1.874191445432728,-2.354675981201438
5,0.9099892665979407,2.463139321480749,2.9280999289043192,-0.8674469663002078
6,-2.3361358702112254,-2.2724375090546385,0.6990802675913387,1.6971602152224363
7,-1.8705519593029216,-2.326196650821978,-1.1797962613085065,-2.0213735150502385
8,0.26105702983402546,2.3651399796396957,1.0854292362227065,-0.28212199855185105
