pulse,alpha,beta,gamma,kappa
1,1.1932360136003202,3.0145868779894283,-2.1531271513530865,-0.008065554280341069
2,-2.5842106578414263,1.7712626160007479,-1.2374493609861579,2.4117486291907375
3,-2.3083452025492117,-2.2989354850858263,-1.1233431779474865,-1.6964747463700283
4,1.9930338480995724,-1.354795009485615,-1.0919574415774498,-0.5086754684489001
5,-1.7695597859825676,-2.0656523751915516,-3.018847994437471,-0.11152436401960027
6,-1.9536887088617314,0.6633619025324817,1.3740375661423099,-1.3472700980775565
7,-1.520313586873897,2.8147902584142854,2.8306436647397972,0.11664134803997088
8,2.6809074123566417,1.1686374589526851,1.4838568708111168,-1.096678411375436
9,-0.7666267325489992,-1.5301324264230973,-2.684448966477283,0.07770358521431033
