pulse,alpha,beta,gamma,kappa
1,2.4319116479343883,2.207853052398338,1.3216416541289717,1.9032432717676808
2,-1.8654968807146712,1.7311920078535297,-2.3499899204414882,1.4064529556228975
3,-3.069960534812887,2.608554826355218,2.2945497725256994,1.1639989024611728
4,2.0598524340491546,-0.36278421039388314,0.04598833799047794,0.8307381278135376
5,2.7327554379103027,-2.3806910553241987,-0.0005700417043133798,-2.7919432305215466
6,-2.698095681715926,1.7599336496977118,1.6969768502199127,-3.059819055420873
7,0.740363411516987,-1.3209718638109254,-2.444474660981034,-1.8887244306187614
