pulse,alpha,beta,gamma,kappa
1,2.5674614594897465,2.8549090117427913,-0.6671235960530651,-1.2248252053337902e-06
2,-2.522275200430285,0.6616621806606913,0.9046889783440528,2.087120290673907
3,1.7154294991438284,-0.9054387799783216,-0.18077105559012108,0.8634442770439943
4,1.9467814655226061,0.25197671242412495,1.9914817088762726,-0.9320603495768169
5,2.6744576720159117,1.979116327979172,2.258334342340743,-1.1346408030709423
6,-0.9901831929266006,-0.2943061938865281,-0.43122133258446504,1.72828263135129
7,-0.38289216837474405,-2.1260398880023064,-1.174367624927771,0.03297865496440793
8,-3.078469247392334,-1.4186018196488248,2.2600194304093457,1.0744329597879094
9,2.6222836610190403,0.6504816794040018,-1.9405715471535063,-1.526721753105697
