pulse,alpha,beta,gamma,kappa
1,1.9577238717225298,-2.4449746727749906,1.6044514405092787,1.6866651581511372
2,-0.2652747805471539,-0.21697294573169276,0.6292761326481632,-2.400143907398916
3,-0.5055789183742097,-1.8678702925255957,-0.6027894364303378,1.6835637990380743
4,-1.485150970324452,2.143242517736482,0.16086415926882383,-1.4561653784100685
5,0.5417376461448818,-0.5515072225493265,-2.2906187264656834,-1.4204212900077504
6,-2.0385183589757707,-0.3840561644882578,1.7443170143268703,1.3977131608229336
7,-1.139296840366907,1.4177377821796082,-2.025616162646862,-0.5594860673191837
8,-2.8373091748748758,0.5560903974114276,1.4119481586795408,-1.5258058811648165
