pulse,alpha,beta,gamma,kappa
1,1.9702916668169763,-3.133949449200701,1.6044503033208755,-8.497979064822506e-10
2,-0.23637006315250966,0.26932660875536946,0.6418298767691831,-2.192099411968798
3,-0.353954717749385,-2.265929949535897,-0.5739077587940209,1.4163138230609467
4,-1.0390886481299837,2.1775245146785935,0.3124912091874967,-1.5083480636800377
5,0.08322533748742594,-0.5656907404844118,-1.8445729390255845,-1.59816802954408
6,-1.9306245172774956,-0.30502830221368604,1.2858233047135066,1.5548775193812394
7,-1.1544714232151583,1.3800185441802122,-1.91771128159847,-0.7774040827641117
8,-2.694366481813004,0.5374425294025789,1.3967673604422735,-1.7276098820280756
