pulse,alpha,beta,gamma,kappa
1,0.5960393843982347,2.195537674334812,1.7389217205219107,2.772409745172815
2,-0.24509177529143028,1.7350431497764587,2.4305089108251154,-3.1383289404266588
3,-0.12211755151885184,-0.5432591081777453,2.4585798172924167,-2.763235730854986
4,3.141592653589793,1.8639315149822802,2.5274153300433286,-2.889182617786576
5,-3.139267001194973,1.1009101442119311,-2.740253526110734,-3.133731310466492
6,0.3614139401145871,0.297220747347878,2.931143648216315,-1.0236330942533538
7,3.022995809087995,0.6879665996338916,-3.140009882775519,2.854761973769173
8,2.866459109235818,-2.857584856430023,0.3493537802743024,0.021134572762788992
9,-3.1415898004780165,-2.5967408103527276,-3.059427754359381,3.0347592579805713
