pulse,alpha,beta,gamma,kappa
1,-1.9192164434805885,-1.1248052412269236,-2.9104811944557984,3.093822500797121e-05
2,-0.5047991888400547,-2.8641226558072908,1.8214698353961616,-1.5956573767488713
3,-2.979549241727038,0.6119957003905827,1.0891648795993936,1.301272333358454
4,2.318846562157564,0.9459472993942692,-3.05238096935906,0.4775855981562819
5,0.9790171384656006,2.6726165545034855,-1.660801497263327,-0.20848607293641674
6,-2.113845822062749,1.7807216894559286,-0.4663319247798333,-0.3404602397493663
7,1.521285344003033,0.3577116803385054,1.3654087268662325,0.48058302864895985
8,-0.09474953636497264,-0.6875056121397278,-0.10719880335959783,0.03899546070167648
9,-0.02627669345116622,0.1615609914829718,-0.0947152079384828,0.000560360337328787
