pulse,alpha,beta,gamma,kappa
1,0.08483339320904208,-3.068887472534421,1.1638500628208677,0.03836288992765145
2,-0.5709134791654645,-0.1536988366684313,3.047347654733164,-3.106145134975759
3,3.123118271788389,1.5875713070880924,3.126257525182215,-3.141592653589793
4,-2.228287148454336,-2.787715346062207,-1.028394222237693,-0.08248837005275017
5,1.363401415813959,-3.0435626211557767,-2.17991430708565,-2.1414780576684183
6,2.9993658122659044,2.0656761510782884,-0.5285493324471378,1.3858840473249487
7,0.6988709998600258,-2.5416031202837632,1.9093625718168954,-2.861567289184727
8,-0.7297291000325942,0.5620448424059709,-2.889503387204851,-0.6025814108094182
9,2.237886119154127,-2.5694221855576234,-1.586547722801167,1.15725574696591
