pulse,alpha,beta,gamma,kappa
1,1.5177650802122182,0.7945921613686807,1.6930371545094023,0.005283771593608289
2,-1.9926750359121446,2.700363512366767,-0.1860112586838957,-0.5882521845466524
3,-1.7061944244412637,-1.5896270962279215,-0.4892478864626251,-0.6484900967864354
4,-0.27773556379687286,2.279601109147172,-2.9319289876848,0.16515308813253496
5,-2.5020444640419686,-2.3473248206636432,2.431986014949389,-2.1269604931765302
6,0.3310480535393942,2.7052544210367424,-0.7565197078642658,-0.31247145037423824
7,-2.9681567875229438,2.7649603974432853,1.4425934204067516,-1.418047931104886
8,-2.127943114895464,-0.7400087255622522,1.7231666358142053,-0.8962504319470822
