pulse,alpha,beta,gamma,kappa
1,-0.5463396341795032,-0.4055956334637414,-2.4410462677388627,0.0007948371515450994
2,3.086456824599548,-2.541209211997845,-0.6130670593226095,-1.4258113846708205
3,1.261374744856932,-1.0602927630472034,2.9824695995756074,-0.7335880997146306
4,-2.802574131220999,1.297139609755947,-1.8408391132965518,-2.484653892055057
5,-0.5840095342172426,-1.135247875884108,-0.16098337098817786,1.1698022256908507
6,1.0535225407086732,-1.6525635754974048,-1.7765774434742525,-0.14350679512098244
7,-2.0010388378046113,0.6880599519023904,1.503906111589241,0.1939008784067921
8,-3.141592653589793,2.024617025892436,-1.2302590210405193,-2.0017062087640354
