pulse,alpha,beta,gamma,kappa
1,-1.2426043831404716,-2.6277428103405533,0.39768924820540247,1.5290911180820466
2,-0.8478272289590574,-1.3605228978620048,1.409831076557995,0.8492359831896263
3,3.08922365222522,-1.3402148908075897,0.9930502792646236,3.0291484426144057
4,-3.0055084170401547,-3.035856702268255,1.8017030536494403,-0.05053501344189652
5,-3.091056500085351,2.336426017460116,1.6545278539817192,-2.0549533462855005
6,-0.24388464989029535,2.8575694540557084,2.313611353857223,1.1329917916703596
7,3.1372821966457525,3.0166397129744826,-2.8852091928144996,-1.4058301128036053
8,2.998617682042064,2.0901360100439517,1.117844757939699,-1.3706171509560157
