pulse,alpha,beta,gamma,kappa
1,0.5555557774412688,-1.4969999411212795,-2.4410828652911407,2.2979178944777643
2,2.615865518196048,-2.521124023016614,0.48882842718101055,-1.675136067394825
3,1.1082509500709934,-1.3617555389998734,1.628025200540615,-1.1276551138717312
4,-2.3113839068034676,1.2722424219156916,-1.9939335779388276,-2.3684372226647903
5,-0.967995901791686,-1.2680372419382697,0.3302015586069565,1.0222524791144019
6,0.8294351567388284,-2.4376788834790553,-2.16057523762728,0.004941422718876349
7,-2.0289535446782323,0.3359146490331263,1.279765553344477,0.2329295900371118
8,-2.9126080827964547,2.3544208910589686,-1.2581175473873762,-2.0535070261309345
