pulse,alpha,beta,gamma,kappa
1,-2.9674451072302106,2.9414313579324816,-2.0666690296145265,1.5801825904223308
2,0.08735404835072988,-0.3681006503810325,-2.96914775389544,0.6683007191810313
3,0.5817163209074385,-0.6070809527076769,1.5218353411156922,1.9831848038070494
4,0.34065504104010885,-1.7147710875298952,-2.6963828845904634,-2.604026917415054
5,0.1879129504270174,-1.3661487739473255,-0.6340721876817931,0.16470595487761858
6,-1.6525404425855172,-1.1531711553781268,-1.0885939556043212,-0.24137195502634806
7,-1.079591569419466,-3.0082281440767717,0.9273395647722714,-0.5886820494320955
8,-0.36666431750714307,0.9416619210070264,-0.2670825381181065,0.03143919711683102
9,0.08200851864790099,1.8187299698406354,-0.6961544024727138,-0.20784612272540504
