pulse,alpha,beta,gamma,kappa
1,1.0064087635120764,-1.3283868182274015,0.45567077423592756,-1.122269846227543
2,-1.6617936145230918,-1.5938784617625972,1.9484286679682405,-1.4779194024095161
3,1.6613655662089983,2.9940595415071938,3.030605398714967,-2.8289661414377765
4,0.40516725117513186,-0.12658843056329613,-2.940235873555814,0.3133015109910849
5,2.9968042725855843,-0.5181432535472903,-3.0232077650638116,-0.6010469028443554
6,2.1172328437099814,-0.15658488709271295,1.567808778289892,-0.8203651794345358
7,1.4555972810469446,2.2059741879858206,2.8663491377948045,-0.532304036511047
8,-1.046282146481154,-0.7388799518414045,1.3606541726540389,1.2890727864022176
9,-1.0216285911083576,2.8478234531851525,-1.6640253388863442,0.01615840801496462
