pulse,alpha,beta,gamma,kappa
1,0.05749759174204496,-1.2462482124049545,2.7643460687881642,1.1096330176243223e-06
2,-2.203180636405716,-2.3761989553130833,2.7477234890807116,-0.6277052869508097
3,1.0274467674990884,-2.245363256309638,-1.090317041318121,0.08239925837765194
4,2.0504652709770705,-2.7725151973945503,0.27169954184329054,1.4746964485590257
5,0.5438778145127892,-3.141592653589793,-0.7535110515426438,0.9992616532289966
6,3.0282142471844398,-2.845196304945457,0.9603296279112618,1.8828268579570855e-06
7,1.9581718534855028,0.6949662134785181,2.102440818164229,0.6374049181517973
8,-2.7237800982747107,1.025499041606787,-2.8571211619033403,-6.102017434700177e-07
9,-0.11173740435836571,1.365010701344427,2.4071353463215126,-0.9396421321295683
