pulse,alpha,beta,gamma,kappa
1,3.094420641030151,-2.6725344610046573,3.1415651662824495,-1.1234957315179575
2,0.0049251967951722065,0.5950452479537435,0.23285956290746662,-1.0541540174605595
3,0.4807600870828415,0.4992964512919182,0.9384411881435922,-1.6708420746540849
4,-2.1845835824430635,-2.6337428076672187,-1.4293667829525456,-1.9591730035154689
5,1.500642266049057,2.544884185672619,3.0581932364531856,-1.0400052101868196
6,-2.2027652463327243,-2.288880716243309,1.2897234413807233,1.818993135623579
7,-2.127185562664094,-2.1931402101789086,-1.0464212596183873,-1.9916924743167037
8,0.39391843557531203,3.141592653589793,0.8287912430903218,-0.3313248963100607
