pulse,alpha,beta,gamma,kappa
1,2.8009139875516142,0.21342911845019635,-2.2989894365860923,-0.2581355088526514
2,-1.6800898524104595,-2.7624536622421205,-0.019430969709684748,-2.581685530043087
3,0.4087480167477896,1.8570321363726627,2.96098698289196,-2.2204008032236993
4,1.7862296791351078,0.49010143992674354,-2.832912797095246,2.2206416256211523
5,2.3796652640826044,1.2485892399844882,-2.911709654509193,1.1373087729430955
6,1.7805467301766338,1.0708322096100504,-0.4119809224801991,-0.7927838762874677
7,-0.7971371071706511,1.710577884722566,1.7866750192470515,-2.6980705065965096
8,-2.6845961291265965,0.8511955849560685,1.8716351237524191,-0.4749783354436804
9,-1.909608096371789,2.280956494262371,1.8839846006063719,1.1750213400692462
