pulse,alpha,beta,gamma,kappa
1,-2.322440372192734,-1.6757383191573474,-1.086125574022765,-0.7938888014067389
2,1.0924617140180324,-0.7187640899537362,-2.916248963102393,-2.2437826272506687
3,-2.2198270837658276,-0.47958345772940375,-2.132439990905197,-1.5984836829170295
4,-0.7333266726678904,1.2818917703617785,-0.12751137562594483,-0.1332432463931693
5,1.7532362660111689,-0.9349689519482247,-0.4906082225813122,0.12994552273907953
6,-0.16293486973447419,-1.0920131336227348,-0.36805701017789677,0.16418411245280626
7,0.2825947178615355,0.34578394456485656,0.03092968257290788,0.16200053431928146
8,0.05777787229765989,-0.007966022805263585,0.05762759111399653,-0.02807471415831123
9,0.05799475807142975,-0.023762773375959917,0.05778938394047433,-0.024197951647725698
