pulse,alpha,beta,gamma,kappa
1,-0.9233917996649755,1.222427954299399,0.010939610107897745,2.968328715818872
2,-3.1085299709987333,-0.8634305237705375,-2.813424483951052,0.2472253329876021
3,0.1665700420644722,2.0260621041076616,-0.14125686475201008,-0.9720109453900525
4,1.742378451477528,-0.6287072773437363,2.121733479700149,-2.106326227864065
5,1.794080353921876,-0.5942384552053298,2.8355064463865873,2.1921868365928057
6,0.8215533410395238,0.9088951547310683,1.9781808312267886,-0.6117353074913908
7,-2.9434079804699356,-0.6603675937944465,2.824850079321276,2.9319817775838044
8,3.111917948698576,2.868947607952349,0.9102357682221713,-0.951461023412293
