pulse,alpha,beta,gamma,kappa
1,1.1386314357871812,-1.1668024385071363,0.45564279172017985,-0.00014209646598658724
2,-1.5207505411058966,-1.7137580372502472,2.080680445355303,-1.5821014819739008
3,1.4457708565015142,3.0016428058544573,3.038230754725175,-2.476787077735902
4,0.5599441330809268,-0.09624966108008316,-3.1053475051123187,-0.02051189964088632
5,2.946563540904606,-0.37170476971397964,-2.800250941734004,-0.48875973122425537
6,2.136462116167733,-0.21786169524641177,1.5175612028172067,-0.8478015967130866
7,1.6422297458355732,2.1035238890735504,2.885566620912918,-0.5387120728459253
8,-1.0266537798238209,-1.0585419080935532,1.5472764111769046,1.2915423014451846
9,-0.6532580946228683,2.329812516497591,-1.6443882630453337,0.09841502215310556
