pulse,alpha,beta,gamma,kappa
1,1.809048124528326,-2.914234165796026,-0.9016255672390915,-1.394820019777047
2,-1.8130103319837791,0.49996626019471013,2.555354200214399,-0.6282898416931844
3,0.16412792632782605,2.0780381973661894,2.271967861164857,0.21762589379628597
4,0.9624985558203961,2.8132400838458635,-3.0640724570486264,-1.812778961777323
5,2.8439613171545663,2.4072783750507183,-2.5336372498051474,-2.0974150118183763
6,-0.24733779443405066,-0.6690655141175536,-2.3109819815886348,-1.7484791159652324
7,0.1099435155792234,1.7901837416716986,0.8154597894484606,-1.949384075157286
8,2.859155658819991,-0.7511377281340866,3.141592653589793,0.108690049767024
9,1.8442726027342375,1.40284890531276,0.1278234344164509,2.1307695616064013
