pulse,alpha,beta,gamma,kappa
1,-2.954966459554702,-2.615776299934912,-0.7560979061823524,-2.050702390002473
2,-0.11201342626203636,-0.46088103548835274,-0.21623641607034466,-2.8171704674276663
3,0.9353120463977026,1.628367938305883,2.8478469087859626,-2.7799520830788107
4,1.4249206410170139,-2.1497809211147514,2.539798715206135,2.8878693705466514
5,-2.6445637972884666,3.1184861017602437,-1.749381717451068,2.679965820859028
6,1.1179293607435727,-2.2895995535830447,-3.1158241215197555,-3.0994754146552412
7,3.11740759100497,-3.1069733003124274,-2.667946376134515,-1.2766695038803437
8,0.26247355485460905,-0.9285314803961731,0.08792373971137395,0.12427685656508258
9,-0.9113816583184647,-1.2056956727830481,0.38427982130816335,-1.0756893676017967
