pulse,alpha,beta,gamma,kappa
1,-2.4636199256528624,-2.4379389500474025,0.638535589097102,2.723341984514671
2,-0.9021288477397889,-2.277078457911201,0.5046411184808034,0.8669220644503048
3,2.6790801000621896,-0.29605654564320727,-0.09531497325288842,3.123994541572925
4,-0.8444963056576842,-1.9880857373094802,1.0073896347773694,-2.0144442527935196
5,-2.2854176196188325,0.6052033535239668,2.8235757583945507,-1.994281265676155
6,-1.6526235163329566,-0.5479157117985705,2.498864072675049,2.5369771477155285
7,2.54926013699306,0.6566643392865007,-1.9409600410601646,-1.5639180130735006
8,3.065231680835499,2.932551024976281,-2.913192872427774,-0.578140211886847
