pulse,alpha,beta,gamma,kappa
1,-2.8406930685079206,-2.759209204887872,0.6385161321241626,-0.00033578375511561845
2,0.03484576623347052,-2.376642373191076,0.12752285355778128,0.8800595884801916
3,1.596958466124754,-0.42707159286811497,0.8416268766203943,2.084083662820067
4,-0.9724716682112948,-1.883919426843531,-0.07474889696689936,-1.0184856785814884
5,-2.286260262882961,0.7098241849164689,2.6956086777476975,-2.1019539473308146
6,-1.6571530374477799,-0.5423964292633141,2.498024212241012,2.5858917433450817
7,2.519172063445454,0.6554482245110266,-1.9454810999047576,-1.574127987208694
8,3.059930982836038,2.872042580202823,-2.943270675518876,-0.5254444894967228
