pulse,alpha,beta,gamma,kappa
1,-2.8595149903989436,2.516723025071914,-2.066668530304234,1.8101829809898076
2,0.3302082453331189,-0.8549651538769691,-2.8612192006116643,0.5958369821252053
3,0.8562380872140312,-0.7731171946004268,1.7646916613260621,2.118147806409591
4,0.16822101246056997,-1.789364884392518,-2.421860077063846,-2.4917432446610137
5,0.3336643879746156,-1.2589428118794368,-0.8065082294672166,0.2370250251717617
6,-1.6355960322963816,-1.1305865712766332,-0.9428413415161792,-0.264538673813904
7,-0.9936785321486487,-2.8621578190416606,0.9442826297000028,-0.6203247685446578
8,-0.4305827239841165,0.8398211684535463,-0.1811700997232899,0.04872524704216934
9,0.16776633185651638,1.9412623078274307,-0.7600722702950954,-0.20957789403783675
