pulse,alpha,beta,gamma,kappa
1,-1.055706325011532,2.3379891631704384,0.01092862091327787,-0.0007326509412237023
2,-3.0873616490430957,-1.0743804672681518,-2.9457446643802956,0.038638838307116626
3,0.16057747242163578,2.2984476178525437,-0.5447056726156306,-1.4636020391663267
4,1.5768575646031138,-0.5366917507709128,2.116068931464069,-2.0153072515575916
5,1.9849310329590943,-0.5822412528301182,2.6701143500007243,2.1460606875820645
6,0.4273055068176492,1.4888810308727063,2.168710703691085,-0.6001791422038595
7,-2.6451585108407767,-0.2093789484879262,2.4305889294838448,2.63842830482125
8,2.765378576251212,2.783248144945109,1.2085620503478816,-0.7915439254656631
