pulse,alpha,beta,gamma,kappa
1,1.315511303672761,2.5823904552272965,-2.1531390378447806,0.3271637936435172
2,-2.2635298866284868,1.9357102328525375,-1.1151875858379703,2.2448148991860206
3,-2.451334326268813,-2.2674287227849392,-0.802662534120433,-1.7888157811151282
4,2.06556773425453,-2.0065807672538516,-1.2349329730491274,-0.5266010288948965
5,-1.5410517591458441,-1.8122532270923715,-2.946313866992259,-0.016104039400453667
6,-1.8068074428232774,0.407388784343555,1.602552141716387,-1.399643215211378
7,-1.3939874227617555,2.9760650348981734,2.97753226936709,-0.09201566294905184
8,2.7741279760675495,0.93642719437212,1.6101790088124726,-1.1323680323703174
9,-0.8969888911470982,-1.373950589260482,-2.59122023798773,0.10875381488545124
