pulse,alpha,beta,gamma,kappa
1,1.3438579405568842,-0.33486901240384637,-1.8782935003925154,7.41066947808269e-07
2,2.3476811253841112,-2.8009057544464815,3.141592653589793,1.2175201761288166
3,-2.904796717005819,1.8314484104965547,1.4830927732521144,2.2182719727459848
4,-0.8344352724424153,2.989585997444238,1.6955572074179694,-1.5127679291078286
5,-0.08028961243005313,-1.3513239548023295,-2.8157041293883833,1.0646599139783954
6,-3.038952088116483,-2.060253949622919,-0.11417849284863989,0.658499886868147
7,-3.141592653589793,-2.4506529564143578,1.708570604147557,-1.3509550005905198
