pulse,alpha,beta,gamma,kappa
1,3.0164981036601,-2.7057457457640868,3.1415601548006182,-1.0663836756813307
2,-0.030833384341845415,0.5936277135411178,0.15493101719937344,-1.0936924813010285
3,0.5586905562890233,0.4973262422873524,0.9026813999626636,-1.665561565505976
4,-2.1653251159980624,-2.655503785689694,-1.351440188907367,-1.932932829935366
5,1.5120764596129999,2.535031200510119,3.0966589708626304,-1.0381572659983658
6,-2.2074924894266705,-2.2827855142461506,1.3011561146099948,1.8216542279327366
7,-2.117525915903421,-2.193912757493938,-1.0511413092537172,-1.9829039145286427
8,0.4137388890926553,3.141592653589793,0.8384554475241237,-0.323950694754675
