pulse,alpha,beta,gamma,kappa
1,-1.4371692695626583,0.2738194857600069,-1.0767248967418928,1.8252708912424376
2,-3.1363221590161183,0.5787743024989831,-0.4106944063562484,-1.0083801585132337
3,-1.3658814731666067,2.0440605587603313,-0.014723471182032245,-0.7275812940988247
4,3.134988685585279,-2.5907620029366276,2.427642795566489,0.04018014571532368
5,1.0543723298720604,-2.676747806178637,-1.131064320764607,0.9913691098117374
6,-0.49548611719117214,1.7246776846314766,-0.31494938236713377,-0.8436759265601599
7,-1.4569218372093389,-2.489364313547869,2.9324239604612883,2.4928262651448394
8,2.5724076745993734,1.0277597291884595,2.412153335332349,-1.2907012921847096
