pulse,alpha,beta,gamma,kappa
1,1.9768442171280347,-2.9060551618865964,1.6044407466076476,4.26968222925639e-06
2,-0.2726014797595137,0.2702536650160755,0.6483574153650232,-2.2817025494290446
3,-0.24897462244654361,-2.177496772058689,-0.6101560039347278,1.5076980046014692
4,-1.0254231873950843,2.1722920060945676,0.4174762726417231,-1.53409328981058
5,0.0627389836565346,-0.5613812673506325,-1.8309142339614386,-1.5903137440063515
6,-1.9159161118934838,-0.3366458685854762,1.2653296881029295,1.545980585140534
7,-1.1899754974681993,1.3745588479750306,-1.902995549553956,-0.7622874561031591
8,-2.6434970509128,0.5337450070279405,1.361264167504913,-1.724124103147672
