pulse,alpha,beta,gamma,kappa
1,-0.9376797990328704,2.475607674053955,0.01092179656239789,-2.684187261289777e-07
2,-2.6766521235107787,-1.0010220359432687,-2.8277139709429706,0.05562301370718883
3,0.2623786127418141,2.326868140083996,-0.6914385077696058,-1.4585330828426792
4,1.797133444571034,-0.5816074924730008,2.2175235561317415,-2.087201870182962
5,1.9852680925399113,-0.5950764661449383,2.890267610813505,2.0212308096048774
6,0.54039097668283,1.4675604199471046,2.1693710743544874,-0.5896306236873887
7,-2.6365372427404425,-0.3023827731318429,2.543685135039916,2.5585556689113695
8,2.7228432629815287,2.879676584674674,1.2170965594449334,-0.7554794531975759
