pulse,alpha,beta,gamma,kappa
1,-2.4286966034960202,-3.098685070390331,0.6385687489551605,1.2319834511668877
2,-1.0560831785674158,-0.38060280389361484,0.5395536104006377,0.3833423866940667
3,2.6908703924561426,-0.46166665168935866,-0.24928532942085135,3.132748262138599
4,-0.8641064880192799,-2.1705843649166985,1.019174561100258,-1.6334618573601887
5,-2.6104302361414526,0.3195684364181816,2.8036851063476513,-1.7580202129496132
6,-1.5105427026996376,-0.52755219092657,2.1738449935616053,2.120457571799318
7,2.700313419088243,0.35085922784225826,-1.7988658382829237,-1.3174194585980994
8,1.8946280180778463,3.036666556583481,-2.762139045665038,-0.9626193914020141
