pulse,alpha,beta,gamma,kappa
1,-2.3453140936171417,-1.6832518910966368,-1.0861372758369003,4.337914060926173e-06
2,1.0357479904255185,-0.7185020008481776,-2.939120221568889,-2.255229855947222
3,-2.1316222855644575,-0.44374024753870406,-2.18916079735209,-1.5910774889780774
4,-0.7149454988969794,1.3220487641035301,-0.03929728284596636,-0.1430745461519941
5,1.7461766622100932,-0.9883798900409057,-0.4722270546039477,0.15016123741098802
6,-0.16571216670934888,-1.237584633023737,-0.3751195641055323,0.15458257410908882
7,0.25965931292868366,0.5577028008127943,0.02814459816671048,0.12660687006744156
8,0.03886709371003407,0.031818794692677455,0.03468858673731601,9.015604252070077e-07
9,0.03735930979008219,-0.10654974406228689,0.03888445197914187,-1.51350806951996e-05
