pulse,alpha,beta,gamma,kappa
1,1.9477978599181183,-2.7867302089591663,1.6044496214320472,0.3894876499506994
2,-0.05168850774932994,-0.1785908588091071,0.6193536149844563,-1.8787999750303908
3,-0.3099393958359276,-2.0028399150172747,-0.38920808027346865,1.1769426001494214
4,-1.035890006835143,2.141560577972251,0.3565155186585986,-1.4095817023310921
5,0.009161218539575963,-0.40538020436218114,-1.8413690555220839,-1.6340761209396217
6,-1.8274168681532466,-0.4328420613200677,1.211759397662942,1.5897885458804768
7,-1.2143218911031923,1.3603967129223935,-1.8145076120902464,-0.7219792747976549
8,-2.6189665110257927,0.6114432361685948,1.3369071924301643,-1.6842195518567107
