pulse,alpha,beta,gamma,kappa
1,-0.9594759649005882,-2.9860595738608238,1.6646183448664713,-2.9492004749475447
2,-2.7492676512827434,1.3119802552027078,-0.7705467198789184,-2.968383263985428
3,0.6518595815501806,3.0977984526673303,2.4513023661337723,-2.930579758306381
4,-2.374179781545066,-2.9686255591343818,0.592076997670375,-0.01718374087826324
5,-1.5878196075069038,-1.7292112291244293,-0.9224240777082008,-1.6333533489812737
6,2.5160982876626012,2.0153772438559057,-0.31945089301591423,-1.651860303878908
7,2.6083785166379614,-1.174395222067344,-0.2994373928336104,-3.068487137623292
8,1.4234369765919783,1.1411150002349444,-2.965752578773201,-1.3007466404352273
9,2.5391412330864176,-2.6448271302512794,-0.06149821670955547,2.3021557543318383
