pulse,alpha,beta,gamma,kappa
1,0.9997207631219841,2.3018568745363774,-2.153141743716959,1.391629257270152
2,-2.383534505271367,1.9124113804727942,-1.4309715268439676,2.1668871767365476
3,-2.411198862491397,-2.2174409244897557,-0.9226940961077248,-1.7248573552716313
4,2.133141522822724,-1.8801270727139912,-1.1948014122622996,-0.5150627518221556
5,-1.7230787432657506,-2.015916177253409,-2.8787636163808954,0.00033222107202887804
6,-1.7962310529652197,0.42403461370652795,1.420525980097435,-1.3909312001318965
7,-1.251932445942732,2.9927849865024907,2.988095618257445,0.7571616527923575
8,2.645462382423021,0.8312508968698684,1.7522289897230297,-1.9449284447126796
9,-1.4182023401879955,-1.3833652811265886,-2.719893669370647,0.09199168509611448
