pulse,alpha,beta,gamma,kappa
1,1.1140089480274802,-1.7425183429897881,0.4556462720990669,0.00016770197656764977
2,-1.9279074874625672,-1.7442131923881934,2.056061252196649,-1.5555555450319987
3,1.8578171036142899,3.089535875830503,2.733431810874378,-2.197135158907326
4,0.9663965298100516,-0.00231422183005484,-2.646919387480012,-0.11626565968276749
5,2.4684341571986548,-0.1479799346566176,-2.3937972259628943,-0.6971218336620072
6,1.6331466897367473,-0.37258177530031594,1.0394358779372208,-0.5747874748766734
7,1.9113121370289954,2.141109249902306,2.382254494990883,-0.660484236646212
8,-1.0163566856375892,-0.7187231598757629,1.816360055107674,1.1944220447900524
9,-0.13068456103937415,2.7048741318692477,-1.6340925597012514,0.1657935068617665
