pulse,alpha,beta,gamma,kappa
1,2.6689024731484046,-2.724543801381286,3.0056266638187887,-7.443597075450806e-05
2,0.19060797841814037,0.25610158974423863,-1.6925448791713302,0.7589430565614349
3,-1.117961626199339,-2.6346863616782925,3.0659630413849674,-2.3590055164487738
4,0.5844843621353777,-1.5303273846194487,-1.6768998590401205,1.3896281185886636
5,-0.5438529115720753,2.7836885738496964,0.7773083934726355,-2.616792483491291
6,2.3330693166212817,0.47342421635901144,-0.7299786491255236,2.3770626525657237
7,0.036415513975242716,-0.898146510587013,-1.3736542492719637,1.81360198723987
8,2.086789007237932,-2.376210990839101,1.125769034068216,-2.6143367942952596
9,0.5528955074275496,0.9047403328572333,3.0542489581612555,1.6245655613503813
