pulse,alpha,beta,gamma,kappa
1,2.4287275411022837,-1.6337154592746783,3.005627678286432,-2.981147889601177
2,-0.07864286828029758,1.2239063399251775,-1.9327247128471259,1.0935225096609986
3,-0.42081980097217875,-1.0421896288082297,2.8400718014109803,-3.135820202137524
4,0.4333707207189111,-1.3609323774166509,-0.9797527251093366,0.9601608819565282
5,-0.9847305613064824,2.281505509055439,0.6262000227206197,-2.705494749339636
6,2.2961923721468063,0.6287918578123735,-1.1708512239624864,2.9058050426461284
7,-0.06641555774610858,-0.929764802338302,-1.4105316067831148,1.9001048968677807
8,1.8966163745798514,-2.3955398725637287,1.022939387508982,-2.479672935413848
9,0.5935287968466668,1.1904426192321538,2.8640795792173157,1.6966691538158003
