pulse,alpha,beta,gamma,kappa
1,1.7958570077513012,-2.8124389392537683,-0.901601278540861,0.00019876587553643345
2,-1.7106525590259372,0.8691671890409763,2.542155716702255,-0.8024733132629379
3,-1.164106265985603,2.5490371182103817,2.3742707813541153,0.3417717491040718
4,0.6965000469053777,2.826653128770091,-3.140472370750819,-1.268893330571753
5,2.845105682724567,2.495128296689452,-2.7996560647849336,-2.197527291623992
6,-0.3133034610290661,-0.6686661977291066,-2.309843399688218,-1.5212645585195186
7,0.20950810397012362,1.665105779093898,0.7495042052944862,-1.9824672210219183
8,2.8255677507373993,-0.9174892444932382,3.1224223658860653,0.09680674724293478
9,1.7692884354283938,1.4922564401100897,0.09421459862493822,2.150671431699358
