pulse,alpha,beta,gamma,kappa
1,1.0724570888664962,-1.266719624189941,0.45564323473213114,-5.193094466753826e-07
2,-1.7026053655682363,-1.765795665184211,2.0145072956002417,-1.5466278975339451
3,1.632082373496986,2.9916358089583768,2.9587331340622334,-2.3734877622106083
4,0.7426118586752967,-0.057682717388677994,-2.8726530294016754,-0.006683289334401779
5,2.963794388391416,-0.2851626629565518,-2.6175833821607593,-0.4003207600056718
6,1.7967019214498863,-0.29952522375722157,1.5347955204684816,-0.7903424932719658
7,1.7026624673317436,2.174185327062005,2.545806018189847,-0.6668006109783411
8,-1.0109144647230106,-0.9549934470749994,1.6077095809512303,1.272673749258913
9,-0.595608269952962,2.4934705624669666,-1.628649063842558,0.10111617245780859
