pulse,alpha,beta,gamma,kappa
1,-3.134124561444174,-3.0641433412502193,2.3482817506690012,-0.007612429519903684
2,-2.7661724936234986,1.0281624663317266,-0.6617715090214735,-3.1055565526300857
3,0.6905346890807718,2.9462210682066883,2.809645349020307,-2.062120935893851
4,-1.757853585965367,-2.7309779125310483,3.1410897590506064,1.5189617940250766
5,-1.3607493818276346,-2.922392974557903,-2.6529483680748087,-2.3778053891555313
6,1.3552774875189557,1.740227578758891,-0.5441023776927919,-1.3505737337959853
7,2.24208718902364,0.8209769247375069,0.9138864124231603,-2.6288684096471013
8,2.3451444185656647,2.4360393672837204,-2.9702482343941465,0.1264360894084446
9,3.141592653589793,-2.9208832497202466,-1.5173402474340396,2.5005004028071496
