pulse,alpha,beta,gamma,kappa
1,3.0042770460539368,-2.3414271539688944,3.1415605312004447,-1.9834171115414008
2,1.1611161108621024,2.1967010335516988,3.135309017452756,-0.36227514554231516
3,-3.0622843877147448,0.4315665139822779,1.2455975372182448,-0.39148208159113934
4,-2.2471526311725696,-2.692342687555219,-3.0494778585104787,-2.1982631100605174
5,1.2745807829796365,2.3958312047964148,2.8564845969690915,0.8726077176810931
6,-2.58955138070029,-3.110569508465307,1.7525452341818168,0.31681250470707767
7,-0.9111961994519295,-2.5255447850664967,-0.5702127245481415,-1.9134302729602644
8,0.6049473215608774,3.1319200752969363,2.730365738669721,-1.3726919614931017
