pulse,alpha,beta,gamma,kappa
1,3.100811587411203,0.9664248216973916,0.7730609154593785,0.8578152007212209
2,-2.9066192329662903,-0.36976516084552813,2.124818212477651,-3.0931396056899323
3,1.4924368966959736,-2.34049546495464,-2.4587918756362797,-1.51420385716226
4,-2.780910508317166,1.663491682646887,-0.9318888665083849,-3.0117742921068342
5,-0.7073083175376138,-1.8495827252195167,-0.12544219119046246,-1.9859183484209066
6,-0.9455090624023239,2.9205330141664905,2.4692857708321734,2.105737098958336
7,-2.24667317808244,-0.37567913649861145,2.9527104857266195,0.006761957788803948
8,1.7494350114741661,0.8764632146797445,1.5275193267840914,1.1030783011156056
9,0.5015827571913027,-0.19783374928914152,-1.4834055349795912,-1.5743766584293448
