pulse,alpha,beta,gamma,kappa
1,-2.347152051402819,-1.6858727295813736,-1.0861272836628362,-4.2075302200385665e-09
2,1.0379156396818576,-0.7183523804653691,-2.9409658643379952,-2.2557031736158195
3,-2.134108163287174,-0.4468138168181117,-2.1869964812481486,-1.5927780019374216
4,-0.7154520705065732,1.3233710903216627,-0.04177579246781858,-0.14126287975037005
5,1.7448457848848336,-0.9897636529440734,-0.4727332194479962,0.14983763451176638
6,-0.16177255248503683,-1.2339788203019426,-0.3764471908253956,0.1556522993070353
7,0.25850213192727733,0.5537744391766284,0.03208607946737068,0.12631532164399417
8,0.037317245754916475,0.030870882848588698,0.03353316642873303,-6.629557238457137e-09
9,0.03688916630270039,-0.10777401552545755,0.03732316614961373,-4.305387508654264e-07
