pulse,alpha,beta,gamma,kappa
1,3.036602315739626,-2.8637712159232183,3.141580273739157,1.4497336596429957e-06
2,-0.07640352433476844,0.5741460130903527,0.1750458642242869,-1.143579947181342
3,0.8858111391280418,0.5064828493087687,0.8571513798272627,-1.5930974955181958
4,-1.9423726947089324,-2.6893126176652156,-1.024328268588629,-1.831961761828976
5,1.552605942020199,2.5334049856424725,3.1283351403647686,-1.0411782746716218
6,-2.213683953510086,-2.2907470875621585,1.3416768735804914,1.7886831710186826
7,-2.1241613850835175,-2.181251833861184,-1.0573319714736336,-1.9933130110646375
8,0.4203738517377519,3.141592653589793,0.8317970398088751,-0.3249769002606965
