pulse,alpha,beta,gamma,kappa
1,-2.0786002798444794,-1.3678703025875747,-2.9104154116015724,1.6621583721804093e-06
2,-0.7570449431190888,-2.7031896693604796,1.6620642293128256,-1.8936504580027635
3,-2.837881455309808,0.9977887983606045,0.8368920618319546,1.45090862630057
4,2.0912454649309153,0.6973959387802207,-2.9107231249620553,0.4992285901318358
5,0.7819690819166896,2.6479156423184476,-1.8883267318960333,-0.24255331046585943
6,-2.484098420659805,2.115294741897591,-0.6634223323982368,-0.2650974224673842
7,1.5808260929147875,0.39660921999227305,0.9951651257717506,0.5575226591849068
8,-0.0303381372252278,-0.06523223339830699,-0.047579232618806616,0.006896123960126204
9,-0.015120472645640861,0.07908279049654782,-0.030307610178102604,0.06879920105044306
