pulse,alpha,beta,gamma,kappa
1,0.06828676559172489,-2.8661137115352178,1.1638631261122814,0.3760624061961172
2,-0.5468062212769326,0.6196814298042632,3.030740464922079,-3.140862726321391
3,3.079719936991545,1.9189385028016863,3.1179675097891186,-3.0905671283984457
4,-2.0700933905536907,-2.906250895656424,-1.2539316009630401,-0.4204576031437162
5,1.5747473069312155,-3.1299907929309096,-2.021703392401098,-1.2867472315099868
6,3.0323514465032195,1.995687678276564,-0.31717464133945583,0.7351431641051673
7,0.8444360703799393,-2.526898827904541,2.0554180775583735,-2.8300867038776354
8,-0.6900576226000811,0.5460338195517432,-2.744278812591509,-0.6480466055827117
9,2.56468345849653,-2.621688611647997,-1.5469026393615084,1.270875145841147
