pulse,alpha,beta,gamma,kappa
1,-3.1269534737693023,-3.115737940585125,2.3482785189587596,-0.00014024266382242932
2,-2.4399291117123663,0.7895062437088197,-0.6546011882933626,-3.091170461460002
3,1.2438225822904652,2.852017017095361,2.550640636960568,-1.9115197565097706
4,-1.5458451250227287,-2.7427080780849424,3.011850199958904,1.2597226408135
5,-1.257153508031579,-2.880011331196209,-2.440939803616719,-1.889572252380719
6,1.5459527287166877,1.7514849667985364,-0.440507505188546,-1.6219051584307735
7,2.1603307586395317,0.5662260329996456,1.1045683242346767,-2.5244906363467625
8,2.92461102682829,2.533083822791417,-3.052006326785975,0.04775255803385143
9,2.2644932951390047,-2.97115343503177,-0.8452804418214953,1.784163460139174
