pulse,alpha,beta,gamma,kappa
1,0.6748070069728931,2.869511053536481,1.7389249509549178,4.9041466062249496e-05
2,-1.184062886061021,2.9021602513556632,2.5091853584716795,-2.880227794891208
3,-0.6635881845128698,-0.23311907768056814,1.5195628259796479,-2.3426788620395134
4,2.9347916975689463,2.9716036848554985,1.9859542813382305,-2.5156595137302507
5,-3.0715813970725687,0.10533097931756873,-2.1634270343056135,-2.8109930052220347
6,-0.017674247250391968,0.06277839185974471,2.837276299778577,-0.6720028152266231
7,3.0870370917520167,0.11543085966677157,-3.012269228021332,1.923974581146165
8,3.1412704422652427,-2.953561660176065,0.4133953157031341,-0.16521204899305747
9,-3.141533103000301,-3.0670768562845985,-2.3440548967067167,0.25104695368691315
