pulse,alpha,beta,gamma,kappa
1,1.337751566655108,-1.5593719304397167,-3.1415745029847764,1.0854164684499874
2,2.23273502434582,-3.010944045934128,-0.4388330031513864,-0.7295993796460307
3,0.6864690702549717,-2.2051644475872187,1.2409304625368656,0.0009009946445480214
4,-0.47740809277169227,2.293335049685074,-2.70770920669017,-0.15616185583679246
5,1.829071966765258,0.959466888799442,-2.8962914161338227,1.5656530542180485
6,2.1519319678977986,-2.9673671501728314,-2.732406689386741,-0.610465900981794
7,-2.24380101804416,2.103943049506716,-1.9060526196932988,2.4268851693727203
8,-1.505775046712249,2.197834325665165,-0.10272653725899478,-0.5597187433931817
