pulse,alpha,beta,gamma,kappa
1,2.1893617008419404,1.8541246823119368,1.321659252651041,-0.0021228788424972386
2,-1.7273366147283624,1.5835100059470921,-2.5925244443256563,1.2088543102975464
3,-3.134414661375925,1.9064635883014986,2.43270767126442,1.3086857824378069
4,2.8215155412486146,-0.5676688459919518,-0.7383763129027548,0.1040187157701324
5,3.045717580953283,-2.5777480461952487,0.7610941208226207,-2.29210386819016
6,-2.8725320431052355,1.300653095030313,2.0099537754187824,-2.866443931064422
7,0.6525342001958374,-1.261692188284066,-2.61892181627784,-1.8864533018622842
