pulse,alpha,beta,gamma,kappa
1,-0.6258733348133942,-2.256313379898159,0.3976583171549268,-0.06588781198590415
2,-1.3727752948105985,-1.0722488262836047,2.0265224924414857,0.7015012939245462
3,2.747800443256519,-1.5756004722891774,0.4680806862202242,2.8917428963003444
4,-2.7078976920930735,-2.941154200270449,1.460250697437519,1.133679748654019
5,-2.3880840693297407,2.395654739502416,1.952156891262366,-1.9719407085623293
6,-1.1652913700854768,3.140128164393839,3.141592653589793,5.346392598747558e-05
7,2.4993234244212172,2.584840103786298,-3.140946059163424,-0.9138809935547587
8,3.0686050996009064,2.1093135478602703,0.2177567912993108,-0.8896455379871185
