pulse,alpha,beta,gamma,kappa
1,1.970200350143916,-3.1162830201543117,1.6044497541869298,-0.000183965287003711
2,-0.23731242807503863,0.263503102689802,0.641738045073511,-2.1912611483600113
3,-0.2998652934537835,-2.236824037705731,-0.5748507957311331,1.4266083146323378
4,-1.028308233470647,2.1724251334175655,0.3665811208685269,-1.5245130772344364
5,0.0659929963111859,-0.5632683052853135,-1.8337928871709304,-1.5919207721506852
6,-1.925573925205479,-0.3317285286719711,1.268591050519017,1.5443167144956957
7,-1.1749695865589733,1.3707873512499995,-1.9126607393062671,-0.7651166064694523
8,-2.662894408432405,0.5309157829130359,1.3762690979794865,-1.7246221831673656
