pulse,alpha,beta,gamma,kappa
1,0.5703825724084687,2.932732417626629,1.738932926048298,-1.3414744093672862e-06
2,-1.0099223061926643,2.908637433691543,2.4047836780536893,-2.8539809050646148
3,-0.4655802884047526,-0.17388583557654302,1.693717199272523,-2.4307457772967687
4,3.0643176037571496,2.9106926068156445,2.183964466326326,-2.610037481951823
5,-3.1236766297950793,-0.04776838935046967,-2.033897485350769,-3.1392768335835344
6,-0.06672969531048792,-0.09014909381136062,2.7851586939905526,-0.5423725199469989
7,2.84219953214837,0.17331232633559895,-3.1286296590667297,2.0667481024513106
8,3.1415909844071983,-2.8124637299648128,0.1685965432078395,-0.13057399202512318
9,-3.1415327961769557,-3.0516662018243266,-2.520140718857438,0.3568924909452256
