pulse,alpha,beta,gamma,kappa
1,1.49251116034403,-2.9241782206695146,-3.0195115847144174,0.00028770033229805485
2,-1.5764086103473118,0.9768747139685436,-2.303258654449083,2.7244926093943853
3,-2.12144468666814,-0.09677275748464569,0.7270109933559941,0.9631350588858657
4,1.8954082925442743,0.40428621235012824,-0.2811647420767624,-0.41820169822583647
5,2.158519737887394,-1.3450288234543808,1.6402936592043886,-2.5919774745956934
6,0.14732282748431894,1.7768869626971868,1.3713354074481245,1.1508527019730623
7,2.8721563868211772,1.3132010007076238,3.0995519117114676,2.9766892746417932
8,0.25444887990853865,-0.6099763109706835,0.011305347334427979,3.4737576144522264e-05
9,0.09120707168672987,0.7977666630777207,0.25440210223884846,0.06871946620477098
