pulse,alpha,beta,gamma,kappa
1,-1.6501954404614299,-2.694388507867393,2.9886349554866607,0.08465813348038329
2,1.7972897838061714,-0.4355426304956198,-0.6948774124037485,1.2477005354658484
3,-2.2566745483722332,2.3792448846144105,2.864343411110964,0.6853792264812126
4,2.3774424727815826,1.9271121418947261,-1.292657396149416,1.7425880163476555
5,0.5989763978482737,-0.5591451198767144,-2.066245477092687,0.07816181097343924
6,1.256905698840261,2.981587800843004,-1.5668465727317042,1.8275345593977885
7,1.9024802716892721,-2.8393976902957387,0.4712551340422679,0.9026896336748741
8,2.231486191745044,1.3536403002037936,1.2123719532125927,-0.799454694332506
9,2.729832181531553,1.7701076291809024,-2.2531988435552948,-2.3391270263562456
