pulse,alpha,beta,gamma,kappa
1,1.1220915123601745,0.5336530646953225,1.8795454446409205,0.13006619845080375
2,-1.3719540786302267,-2.7078484481756515,2.633442336867413,-0.3453925042330984
3,-0.690192044261832,1.2598191280735276,-2.1108292082392808,-0.7440132170525485
4,1.241225096763789,-1.7750902556203108,-1.5571235824793774,0.29879871654139073
5,-0.9318042272707328,-0.7762555021873311,2.2045514712446828,-0.05177891706078913
6,0.6211258963680191,-2.3054160822147307,0.44114242103008827,2.4110642516486984
7,-0.7325436405241751,-0.602392679747551,-2.2389172981267516,0.5784534360710141
8,-2.598301144592983,-2.6191695034870652,2.4201299435911365,-2.4063637750341895
9,2.783346246455856,1.8300880803116248,-1.086473493428171,2.6448802837898047
