pulse,alpha,beta,gamma,kappa
1,-0.248183854197395,2.5297713383136657,1.1984319280013318,-0.26626903941906926
2,2.922087888823546,3.141592653589793,-2.7435971539557693,0.724808819153149
3,2.561513734085063,-1.8619513660848055,0.003310724548919916,-2.9618742055845058
4,-1.8773628585030215,1.1381583615519477,0.23754631839102286,1.54613844656745
5,-1.342279034475842,-1.8163476883444427,-1.66330648150462,-0.28564732964465467
6,-3.1375208954642355,2.7353271399172834,-2.7774155401200806,0.10679631398108255
7,3.116833429020765,1.3973606026389689,-3.137520908007035,2.8433032248918315
8,-1.2442880390986937,-0.8264059021437556,-0.22908540175171804,-2.3307973246075093
9,0.6159755690425217,-0.8928025216126647,-1.6945108114000018,1.8385734145195325
