pulse,alpha,beta,gamma,kappa
1,-0.6381595981161158,-2.5299715529647773,-2.3419635897854643,-1.2771559348827777e-09
2,2.864991831424973,-2.2868360549261775,-0.0488359759073366,0.5052338936283265
3,2.704527947194082,2.31275020448363,1.066994100445593,2.462383296994347
4,-1.5726890603441057,-2.2446696066867675,2.9702854361531457,-1.7405340176059017
5,-2.222663140897864,1.25932437351109,1.1848473046749115,-0.8611852506194936
6,1.7396778203666887,1.2279204865620974,0.33739405155079,-2.031105473043058
7,-0.021052962795709736,0.3620347802871654,0.023091480734523166,0.0019347693931806972
8,-0.00802346517969749,-0.22394137944784084,-0.016619521859641433,-0.0008754045202395415
9,-0.014505670665483755,-0.18147562207999815,-0.010155477681714415,-6.922119210858204e-09
