pulse,alpha,beta,gamma,kappa
1,2.857423595493292,1.7604681815597272,1.8338159272056245,0.0073535078499968876
2,0.26769673502023733,-0.7435409383110109,-2.963557007200844,-1.6861394818450293
3,1.7530369066197735,-0.32690806390388083,-3.1331596793908543,-0.19304438935754673
4,3.12520357149424,0.408129563926345,0.5085752436768933,3.0867835237814973
5,2.54786435346412,-0.34611074047925183,0.5511399839006279,-1.1802765147339296
6,1.0218000790611883,0.08011995505404552,0.2708136965860677,-1.8956468991428044
7,-1.4799133017530677,0.4828886598289455,-0.3413257822219258,1.0361435003201078
8,2.5657764941305307e-05,0.10474140052930128,-0.0031164379901053767,-0.10589690075982718
