pulse,alpha,beta,gamma,kappa
1,1.1365727902651042,-2.1110708833478924,2.1575882901406005,0.0002948331950174265
2,-0.22504673881302314,-0.37196508438147535,-0.8444988830085716,-0.4051362152314954
3,-1.6586944043110017,0.19477944739754668,0.9273765005484691,0.5551525284848489
4,1.060339992429229,0.4740922749625223,-1.2699782072888393,-0.5857721322065577
5,-0.2964334727554391,0.22868018387601716,0.11921786783771585,0.3816920480960661
6,-0.3207509007980259,0.20042623246331248,0.42739656030448014,-0.2461744666407489
7,0.05280703572202888,-0.3253047793578405,-0.010697230540483266,0.08439492025024216
8,0.0720965009239269,-0.09291080324463,0.06763282740930657,-0.18114023319777675
9,0.004294311619439377,0.01954156300101651,0.0029456316101738275,-0.004695819291285635
