pulse,alpha,beta,gamma,kappa
1,-2.8665734426608838,1.273164004953316,-0.0005463987858904692,-4.688707300898648e-06
2,-0.11626447732626911,1.046515511833437,-2.8665919325652833,0.42044491312328375
3,-0.09006856442918065,0.5678954263534813,-0.555485259628362,0.2608708353557162
4,-0.16839391774811627,1.1054740948520791,-0.27520709253641773,0.34548258451356634
5,-0.1221403118650803,-1.039141248653122,-0.021672946108288734,0.10699213346554692
6,-0.06833135813624078,0.3214277906110229,0.23970928489514354,0.0993224097904785
7,-0.000491384843112146,0.11220620230202868,-0.06730755089246997,0.10159560982514287
8,0.04529430130958276,0.052090096741124074,0.02116839619312738,0.023305071581855123
