pulse,alpha,beta,gamma,kappa
1,-1.4143893216319605,2.1747488283714973,-1.2621525712566712,2.8160915110932043
2,-1.9635986260083935,0.5758184138065359,-1.2392413156105817,-1.4815700533658491
3,2.1887773357084317,-0.004087924101527563,1.1078119964053972,1.2928493810842967
4,-2.9777484677805566,0.22837346411515258,1.2279759859449728,-0.7773189669597476
5,-1.7282159875491638,0.12987439409963317,0.8904060632043241,-2.5436034827297247
6,0.9934633155901025,-2.4522065607769625,3.068022465676569,0.6072916401551234
7,-1.022950808814765,1.933285877642233,0.9766373245889237,2.886671358838704
8,2.4406405636387336,0.5102482979864336,1.771586933300417,-0.9316717265885331
9,2.9750648517251133,-0.6603490312200523,2.766879541415065,-2.375449286732743
