pulse,alpha,beta,gamma,kappa
1,0.402467884680557,-2.4143186538619847,0.46154750820677415,-3.1570478640067326e-07
2,-2.879315622498554,-0.2916865353020097,2.280218402751156,1.5958595327737808
3,-3.059420581054465,1.878274536601713,-1.0429576643208371,0.31836072200971494
4,1.6424379705522125,-0.956650209836374,-2.1275786954784235,2.8539446466811405
5,-1.8052228576999094,2.3579840150220672,2.4178221338694312,-2.823353580857616
6,1.9696603287271588,-1.8103809855753086,-1.0687684901901282,1.6401853738786358
7,-0.062254273791726336,0.26141373241180205,0.10323080776094021,0.31409043029541356
8,0.03085062189786602,0.11924487765304917,-0.004475980776356233,1.7779760527418494e-05
