pulse,alpha,beta,gamma,kappa
1,2.1287162274628555,1.275144465651502,0.6821055822913217,-9.364514583620676e-06
2,0.3683068040689023,2.6191296868536886,1.3432519125492304,-2.1067267157806366
3,0.13458558076342347,0.4852959888151642,1.6240028104494144,0.4333893801864805
4,-0.26226687403552695,-0.9668514654770652,0.780390574829761,-0.39008092178071274
5,0.20919248490327966,1.145793565201983,0.4668310276667642,0.04396388696828062
6,-0.8270288168828086,-0.31828638960956146,0.4188700021775277,-0.21160284000372173
7,-0.05017008207906686,-0.06533392807779015,-0.047248340125459524,-0.014787988485579223
8,-0.03853741696346331,-0.07916579562453151,-0.03672866778286436,-0.0005898629451996098
9,-0.040214559980231504,-0.08388115727920788,-0.038430173313957254,-3.200431260015778e-06
