pulse,alpha,beta,gamma,kappa
1,1.873388883009431,-2.8701328993460726,-0.9016196463670124,-8.692390792193401e-05
2,-1.9746746847145367,0.6552175204263261,2.6196641198171164,-1.0256592176489845
3,-0.5008478327271487,2.797684222772679,2.110310135444285,-0.3990761040723216
4,0.5894126818668461,2.882406634789207,-2.936337304098633,-1.6206022593404952
5,2.9562025354893393,2.3264034333523638,-2.906702685651673,-1.9695568781807038
6,0.20744242234287258,-0.11414848983356808,-2.19871582997098,-0.9020205043452152
7,-0.017779834897311643,1.9338090240879253,1.2702438839231411,-0.7293551387223031
8,2.3796427157304767,-1.3319815871148406,3.0123660124757903,-0.5563415668312874
9,1.9309319196825976,1.4440399569671172,-0.35170555257360164,2.3098358167431443
