pulse,alpha,beta,gamma,kappa
1,-2.3799427651810365,-1.7123919320948715,-1.4761558300554851,2.395391782013501
2,-0.7386573593039347,1.6894149331713941,0.014134214146363172,1.947491077144869
3,2.8739577533186513,2.162093962294691,2.6113300085182605,0.6710179500786508
4,0.1626814026058811,-1.5985485128352248,-2.087968233044249,1.1544551383639525
5,1.4316876558296607,1.677681689649719,-0.10532102998451465,-0.6229840084661548
6,-0.7715136753524385,-0.13920772149272503,-2.0184067696594044,-1.1358149764342251
7,-2.7127614932693644,3.1373390519881514,1.9407230279576793,2.883470324041375
8,0.11981618252057401,-0.04334933293609453,0.017333778295258635,0.17246167938616966
