pulse,alpha,beta,gamma,kappa
1,2.210845116269321,-0.9852735550874909,0.38741225262157225,-6.205713973993336e-05
2,0.45839809537814885,-0.4044898961398258,-0.3590039918265758,1.1715692034007592
3,-1.7086244694095862,-0.9910918189287685,-2.2223653026972703,2.2171803634872007
4,-1.168852199974526,2.7229762692240036,-0.10415829650174721,1.8256290596614817
5,1.7280475842745135,1.851720186987128,2.164620358486104,2.8327670093820667
6,1.7077219640130443,2.6284309313171486,2.080078616133963,1.8133204626665356
7,0.015338337834913965,-0.026060836673878214,0.015190136488035862,-0.0029083171407029997
8,0.00976084382954157,-0.013327463981137884,0.009740314787693253,5.552269848585321e-05
9,0.009771643097397123,-0.01313776040428219,0.009760809070000369,0.0008512856798719196
