pulse,alpha,beta,gamma,kappa
1,1.960486711732054,3.130984742399634,-2.557847994270215,-0.0001782779523691439
2,-2.415490459415011,2.8366841698023655,2.402188429489256,-2.354421827897648
3,1.920938050773535,-3.1201540429092876,2.4107139471709886,2.858041080980925
4,-2.8508826163927523,1.8424446542549962,1.6569777663895757,3.141592653589793
5,0.6999988448634825,-3.067922891864283,-1.9426735791887781,2.47452415194422
6,1.812601905224247,-3.123341280896063,-0.8209388741334502,-0.4901664242490106
7,1.562426632399581,-0.4208634175481073,1.1488391946058905,-1.7034400926011284
