pulse,alpha,beta,gamma,kappa
1,-2.1212032218292123,3.1031419324913094,-1.262146675085973,0.00013461962720396177
2,-1.5646397316079235,0.8777587920418566,-1.9460404418723354,-0.7592863491202356
3,1.8362088484741097,-0.24016935521004185,1.5067762694167186,1.1389726693856956
4,-2.580802038606691,-0.21076708769522454,0.8754014103471333,-0.636838371212733
5,-2.13142479630385,-1.0466961328762863,0.32177748325440664,-3.141592653589793
6,0.29439183065573693,-2.630061993895373,2.863042551599592,0.2391976818111685
7,-1.4973345268297982,1.6355956087871333,0.27757336099748225,2.0491703438106628
8,2.512152478014971,0.6765211691842675,1.297206031589341,-0.7906056417344332
9,3.033926528143905,-0.5749644756523961,3.0442025151297516,-1.5350094864134776
