pulse,alpha,beta,gamma,kappa
1,-0.9139864923768515,1.285228223870349,0.7751030705242012,0.0014245156304156991
2,-3.140612331429164,-2.7173886046222453,-1.5054533442907858,1.5212756705746793
3,0.40174664233380347,2.7831199518430214,-0.18362528663126418,2.1962935893870954
4,2.49950488461407,-1.475112271007246,-0.3107159903769643,0.08529553732177912
5,0.6668007818956789,1.9007930173520398,0.6259956346896678,0.19084339160677993
6,0.8621721853783635,-0.2141996476283529,0.41393194907648945,2.7870397589206024
7,-0.49776150286525805,-1.3426453472269282,-1.7830880909005662,0.6512406208206092
8,-0.29977230338813654,-1.3611357033786777,2.06852365828599,-0.4150244349788456
9,3.14016502700007,0.8118058619706099,-2.4139988439409477,0.6895011366279977
