pulse,alpha,beta,gamma,kappa
1,-3.0648603946755366,-3.126762146946555,0.15319467832794148,-2.702129445833599e-06
2,-0.9799035802522199,0.9532310630608969,0.9959379939624602,-1.8477177587794804
3,2.510774738084103,-0.9891753093989426,1.2213784014791735,0.04713251791880445
4,-0.4559981704203151,-0.4400002425988315,2.691228801997679,-2.814457530503743
5,-1.0436153439519356,2.636356509775098,3.141592653589793,-2.0702221369946976
6,1.0087036201030843,-0.7125497313050096,3.1098908615211824,2.599824591333228
7,-2.392400678507889,1.7162484763453123,-0.5176482298975726,-0.4666550298052172
8,-0.46104006692888577,-1.9521694768134146,-3.139026359210436,-0.09035499935729097
9,-1.7230062980498133,-2.8686377650958867,3.0501008844575552,-2.122006735536763
