pulse,alpha,beta,gamma,kappa
1,-1.8137516798917859,3.140823175531662,1.6874273979586731,-0.00019145343036501387
2,2.415069210310099,2.3892214860688186,-3.0907030698825833,-3.13638789396813
3,2.655040887296794,-0.877502611445087,1.423515154820804,-2.7625602297627614
4,-2.954732749039006,3.141592653589793,1.3026194119145147,-0.35412256494215605
5,-2.0459698814684684,-3.0533026298840755,-1.1106721337550645,-0.14336712537995347
6,-3.141592653589793,2.9931190514874473,-3.1404194622982486,-0.17874377334549255
7,2.848731280040849,1.1207529689966513,-3.141592653589793,2.8387961351390705
8,-2.7922956067544003,-0.38221692962234693,2.2481241157463594,-2.281011877154927
9,0.5655983229519932,-0.6038822907866208,-2.998162655304973,1.0174152180623484
