pulse,alpha,beta,gamma,kappa
1,-0.1509248723235862,0.3126557097073926,1.093358460433747,7.010689200078127e-05
2,1.7425061825130508,1.3457724367673953,2.749578945266021,0.32035704201125037
3,1.4619559888645939,0.40477871246522645,3.088362604104223,0.530591804837264
4,3.1261578905952874,2.9433752470890333,0.39196406267687706,0.8688909147912114
5,-0.42586347688192466,-0.9708010950879692,-2.8869372702524387,-2.0757430970731594
6,0.6309049431786535,0.5031693779428734,0.6550725918840631,0.5247715422268325
7,3.101377582178434,1.6339016000166409,0.7810562371757303,0.4032780139531203
8,2.444469626442982,-0.9396722095960688,-1.2482576539606478,-0.24638759188126474
9,-2.993926567848931,-3.141592653589793,-1.4870643282472549,2.1779491003223947
