pulse,alpha,beta,gamma,kappa
1,0.30911122754516196,-2.01589647133941,2.1181623894253887,2.1455092435318495
2,-2.7349346002024912,2.9257948899850335,2.9256611080265484,-1.4306748957502275
3,1.600792106025736,-2.078139758443892,0.684187334719492,2.3606092553638582
4,-2.6314127473823676,0.8132517762248175,0.04883774889629674,0.13807452195869896
5,1.7952801437202093,2.742790998979513,2.8445897712550288,3.141592653589793
6,-2.9246816994213622,-2.27774671591173,-2.441778811791629,2.799268501540075
7,0.8604460407606738,-2.714922988260725,-2.4635398285756307,-3.135363711545949
8,-0.12825021548393148,-2.6249633996674153,2.5357875368559823,-2.9098816932732046
