pulse,alpha,beta,gamma,kappa
1,0.3075815235877213,0.4535328987760948,0.5270596826931516,0.00014212071198361245
2,3.129468335261487,0.38253122518730603,2.6463855327021877,1.2278024394378806
3,-1.216970245634585,1.0470371239821588,-0.2855670052296616,2.642294770765737
4,-2.1887884956308916,2.981123334406881,1.6298673837489792,-0.5013132649400207
5,-0.27495840256790144,0.7233010497754266,-0.4400421826379951,-0.5632026636498445
6,-1.9407878474130191,-2.421806907303889,-1.019480792251237,0.842360310324598
7,1.2467146255575117,1.3339728160833393,1.5718380312316194,1.0686193140013938
8,-1.9406830998990239,1.2648995065693274,0.5183006237402543,-0.18644022521491188
