pulse,alpha,beta,gamma,kappa
1,2.3996992550648972,0.8044553842091035,1.507972662949651,1.2088949495063854
2,2.498065595806613,0.2853645897629762,-1.294229330127562,0.755558454992126
3,1.153841850432344,-2.6506614681484684,2.1675691425293,2.390954997221157
4,-1.9201924405659248,3.0129327731284983,3.1045472126068763,-2.4212217362384725
5,-1.9245415206195735,-1.5466696616973776,2.360950411822978,-0.6581741102620549
6,-1.175237076592261,0.8829443946904915,-0.1987165039958311,0.031236286829111136
7,2.987908089941454,-0.3149614962131546,-3.007928589522823,-2.7560119508620784
8,-1.408416239157892,-2.597231883674526,-3.1265789873759613,2.6592313239328242
9,2.1038137304785254,-2.5284325888805035,3.141592653589793,-1.2843475800836643
