pulse,alpha,beta,gamma,kappa
1,0.23712412463518612,0.550960751439203,1.418511595202434,-0.5238912408765437
2,-1.6598122715110153,-2.645887008050864,-2.112054164679469,-0.38178619387731133
3,-2.9026471781278653,-1.6801159301754924,-1.7426086001352106,-0.5697635509929609
4,1.264233938523064,-0.852674053473953,-0.4996418813360026,-2.5026823578477315
5,0.5828167314126615,-2.08986877044008,-2.6376943391946432,-0.4804861992493825
6,3.119215426955434,0.4488515218694477,2.277617054292123,-0.7140538430103234
7,0.15806133264195762,-2.4284294964365722,0.2729711487643537,0.7108209176041855
8,0.07063410704483133,0.4747598807428944,-0.6466054448550692,-0.5158874976616719
