pulse,alpha,beta,gamma,kappa
1,-1.886383534277308,1.1931151663302495,-0.5162104347743841,-2.496476743770013e-09
2,2.218049345440588,-0.7025287074979287,-1.944248066064469,-0.7976952983296498
3,-2.9884311532868786,2.9596719568407286,-1.7204567302040326,0.47323425742900305
4,1.5124954212971626,0.49546740064353756,1.3615187994811073,0.4132472451626015
5,-2.065998371542934,-2.1572539937492716,-2.138900572031725,-0.33548154638553046
6,2.139535640080606,-0.292793952038243,-0.14067683957106328,1.7723073329831893
7,-0.14922816792106353,0.4719981536079385,-0.3152356265928186,0.03980344458867454
8,-0.024668005265145482,-0.030153488192693062,-0.024822331664530965,-0.011315786043420045
9,0.0008948974018056702,-0.028513276970342744,0.0008049267985332509,-4.804541020321092e-09
