pulse,alpha,beta,gamma,kappa
1,-2.507888020333492,-0.45704373013897276,-2.691451112200822,-0.009124473418404312
2,-2.4082691904930047,-1.1745078635240451,-1.176708643680726,-2.026311712738561
3,1.044957786718631,1.4178308319734005,0.49832557039495795,-2.9958190800309263
4,-0.07687968976552637,-2.8173805997670693,-1.0254221856341457,2.3112578372406007
5,-2.5528519585926244,-2.373144738356217,2.1151683821456326,-3.0293026876648854
6,-1.3841834711123153,-1.4608344145794505,-0.6098729893001127,2.201022710531223
7,1.3400378618633682,-2.6249220872264885,1.8359369669829326,0.04343033777099433
8,-2.992637039366953,-2.19175448811979,1.0849405367295608,-0.9852301153950551
