pulse,alpha,beta,gamma,kappa
1,1.7869177903664155,-3.037500167777853,-0.9016272665471436,-0.896531189571598
2,-1.5811056253150477,0.8485857368496346,2.5332001665056865,-0.42519497739504586
3,-0.33554739859298777,2.21681146945204,2.5038805068951797,-0.2651676915062295
4,0.7703622872858339,2.6294622673002177,-2.970472834011032,-1.5080299212363089
5,2.8948350706090165,2.33097080898038,-2.72576982397084,-2.0915264520635013
6,0.06893112850448269,-0.42414706467914504,-2.2600882409730265,-0.9610046756691015
7,-0.1026085007994058,1.6726490704811259,1.1317219621370382,-1.0273716972549485
8,2.4990082359599666,-0.8698562176851804,2.927545229559606,-0.6252476279797563
9,2.0338572420162193,1.2920917401657614,-0.23233567245003292,2.5759555284615145
