pulse,alpha,beta,gamma,kappa
1,-3.0770119271662897,2.8905806865769037,-1.9383067166753218,0.061408709368666645
2,-1.142530988154138,-1.4751179676528297,-1.5221475884320663,2.2251636698214208
3,0.2553826600606892,0.015554662811192074,0.3102039112275661,-0.8156337846136236
4,-2.388433863922679,0.6585760870458285,-2.9418222831098353,2.298140226335386
5,-2.567598065165595,-0.3721865551292181,-0.7893183906830548,2.3915548172276493
6,-0.9214397644997409,2.4383793942812777,2.1364538082351356,-1.0137387671734381
7,1.2792394663604856,2.2034181026044957,-2.6547462382382645,-0.7533386440064185
8,0.14837285422498414,-0.7738616205762335,-2.5554899683567305,-0.184931982459075
