pulse,alpha,beta,gamma,kappa
1,2.205201368277503,-0.9652496722659836,0.6077733309051722,1.9202016738829822e-05
2,-2.3343754804853294,-0.5375721471925776,0.892403087240533,2.760157953353058
3,-0.02867089243892121,-1.8212868931737642,2.8650426669177147,2.854653688082725
4,0.2712234199979234,-1.4821474884894885,-2.3401583060012285,1.333253240238292
5,-0.25561242850769517,0.8915790519601792,-2.5040476886090572,0.25067456110320757
6,0.49272943565238136,2.2526766715713693,-1.4022189258445175,0.16851715281600696
7,-0.8486849657212175,1.9366202591669088,1.5292607289982745,1.6330246732541007
8,2.420636298370033,1.3508393068128353,-3.033209842613758,-0.19704328710639307
9,1.952537150101494,-0.8972126415210611,-1.3486103540157042,-0.2040107063512306
