pulse,alpha,beta,gamma,kappa
1,2.0683239763925427,2.7368860089725393,-1.2386337323640055,5.68322304735618e-05
2,-2.7093616289393494,2.756744548678262,-2.1147368217084694,-1.0420245309520204
3,-0.14112270571214078,0.7221161325182013,-1.577899965407101,-0.5990186534942405
4,2.8776377241997944,3.137470176753854,0.5841590476082662,-0.5607381938734063
5,-3.033468519081557,2.87269545332484,2.8776325882694014,-0.04019314783436036
6,0.5807906399884686,3.1317435470536736,1.0733009259327977,1.4239542696157241
7,-1.8162458685367762,1.4907714466097481,0.06945831309042065,0.357002627997885
8,-1.2264533835964009,-0.1961355467920438,3.0842729947429204,-1.9764148872765348
9,-0.5034256723545978,-0.10360504606048747,2.445232034986572,-1.4595570115515437
