pulse,alpha,beta,gamma,kappa
1,1.2163817178029428,-2.048888645445841,2.157977482954266,-1.197652567770335e-07
2,-0.3563646993516711,-0.5801231089218035,-0.7647736372304369,-0.3373385528058808
3,-1.5022983865812634,0.2659110591963668,0.7965515042641977,0.42720262226433264
4,0.9520011938172965,0.29067803651212465,-1.1135624179239585,-0.5726023845069377
5,-0.2302551778273469,0.520854327506792,0.010682877731023041,0.30020958141539
6,-0.20185092067438454,0.10781849524483987,0.49347979664439695,-1.600495784781319e-07
7,0.09275290893039105,-0.588165281963789,0.10800089656485863,-0.059003429328094624
8,0.045908715452971656,-0.07353411302145947,0.10797238423984352,-0.009466582320737497
9,0.05372879231419159,0.10665560039545484,-0.02331702084986718,-0.035318366133508215
