pulse,alpha,beta,gamma,kappa
1,0.2749877208217164,-0.5008234129027096,-3.141589745678442,-0.00011555222273826644
2,-1.975377738054729,2.7106704060370954,0.2850984886733022,0.39292899152274446
3,1.1955945847087825,1.9250590127581397,-1.5774736735531827,1.5825448987293587
4,-3.0233430756617885,-1.2603252772685651,-2.1654241132315875,0.15158845533383292
5,0.033045096164625226,-0.2823612885578206,-3.0233406931837195,-1.63928794087539
6,-2.4127099469503124,-1.0488229773362208,2.334824177464124,-2.143560424553943
7,1.7894507051658024,2.019491683023918,-2.438245633774638,0.9246022673191532
8,0.4892134211312413,1.0297111285683576,0.35920798937964493,-0.03341674634465815
9,1.1440658130500676,-2.0559391203913533,0.48891292892681604,-0.060226812069310645
