pulse,alpha,beta,gamma,kappa
1,-3.1130613069266553,2.533815190655687,1.7730500031255185,0.004712200765566894
2,-0.9637173477350003,-2.231566326674003,2.4604932688020127,2.692408370865428
3,-1.361033156383398,-0.020370181337676097,-2.79172338898163,-0.8042814295243788
4,-0.4687932774260809,-1.7672209750146903,-1.757691275654517,0.9076270185439986
5,-2.4759179881530784,2.4177426396662542,-1.3466764725199496,0.2663744443440931
6,2.5730011595993334,2.6742565676305188,-0.049249161661007464,-2.6052038476887738
7,0.318622035494781,1.719409177763404,-2.991322134537356,-0.1948568810680336
8,-2.9824978107616227,2.1382842757293674,2.692467869344432,1.981115492514664
