pulse,alpha,beta,gamma,kappa
1,1.073381932625422,-2.953088387395231,-2.779255760401582,4.947277569348782e-05
2,0.017897958752323456,-0.5872725217794967,-1.424935362139814,1.4945141934017045
3,-1.4538634074656729,-1.0407867296170243,-1.917222512719941,-0.9801825706882447
4,1.7954922844843582,-0.18570246042912988,2.020494079456542,2.4740880652831265
5,-1.8649157602306305,-0.5755762444654661,2.825102452737992,2.343392766348077
6,-1.7198135160323988,-1.0651429471822431,-0.5548077136366745,2.5339318252288288
7,-2.9958652808820854,-0.925832540160838,2.382318825236176,-2.1155697258471484
8,0.6987807471878197,1.636220789043708,0.5946165184045125,-1.9399644897407238
9,1.8105223934891108,1.7379868621080559,1.8789859763087597,0.45569561139457876
