pulse,alpha,beta,gamma,kappa
1,2.3520145006841964,-1.3082359850854657,3.005637053867792,-2.813287429246372
2,-0.27384076301380755,0.5282606467694255,-2.0094487311358233,1.2532408885453983
3,-0.38903481320214245,-1.047289543470693,2.6448859537028637,-3.0601333973799365
4,0.6418706825364916,-1.6756171945639404,-0.947969557610782,0.543521386366362
5,-1.24590205063173,2.6782466512992156,0.8347101372856145,-2.6265718053130422
6,2.256487222311281,1.1084393714925211,-1.43203064705264,2.8036519814128997
7,0.10559818919306124,-1.0825728872751381,-1.4502288665604928,2.0499490879226934
8,2.1632484038942534,-2.4770003343340976,1.1949553198618288,-1.7752201999549444
9,0.3226459529613494,1.108144846154784,3.1281438639977974,2.291923041130887
