pulse,alpha,beta,gamma,kappa
1,2.5881862361776693,0.5543944287414669,1.5079510597091104,0.48199831763173423
2,2.613513551135554,0.47694237004012635,-1.1057324953238319,0.5977040842727522
3,1.1665835339752857,-2.8078917684155944,2.283006312394585,2.3282458675217708
4,-2.0159981612575315,2.894902354601661,3.117281313946627,-2.4175952029828705
5,-1.9268670829778765,-1.8489839337881993,2.265174322569819,-0.41715800127929925
6,-0.9072146461056187,1.0252047925681993,-0.2010529297771756,0.11568095821779281
7,2.5266589376280693,-0.40901182163808414,-2.739911056899453,-2.659256699975981
8,-1.297316941163468,-2.700120442051292,-3.1215738126548773,2.6046816175633762
9,2.0764583803187655,-2.580366761696486,3.013185026031534,-1.240808717650599
