pulse,alpha,beta,gamma,kappa
1,-1.8836596716758327,1.2018546784781279,-0.516210394339659,-3.0022703748456997e-09
2,2.219880643882507,-0.7034361156581523,-1.9415243055315283,-0.7970024230416667
3,-2.9860260911953507,2.9570761621212767,-1.7186254621162786,0.47044850023664037
4,1.5143355683449435,0.502456802530293,1.3639237288880979,0.4152061653332899
5,-2.0686879601279173,-2.157897073227339,-2.137060455077567,-0.33381769761011276
6,2.1390359603244473,-0.2892242025195338,-0.14336641018926144,1.7789870527400713
7,-0.14872394268388145,0.46671091331142395,-0.31573520556255885,0.03618008278971403
8,-0.024305547081863374,-0.02892802835895332,-0.024318121434356074,-0.01197244162760836
9,0.0011244733032429832,-0.02715961102742712,0.001167323787460775,-1.988577810572644e-08
