pulse,alpha,beta,gamma,kappa
1,-1.4567057555140588,2.914252316127069,3.141575571850382,-3.1021039671624786e-07
2,2.8435730521672946,1.164770400156527,0.8997166987282474,-1.6280643912711634
3,-1.4302922683801687,-0.8077732047229746,2.5226412722858993,-2.7593737930639155
4,-1.361888206134901,-0.7602383078057746,3.1190224220480034,-2.6370971382889676
5,2.142552063266906,-2.5031249620525795,1.316403818607839,-1.637313237510502
6,-1.277321351225967,-0.4327458953002673,3.1046223801707966,-0.43461561902265905
7,0.07714600165212585,1.7871632041137584,-2.7333902001559465,-2.504992658289864
8,0.18079689657471515,-1.4022081240507682,0.261124110350481,0.19146426842511677
9,-2.5682243735936297,2.1726216854708196,-1.7629377695923725,0.1816902273130174
