pulse,alpha,beta,gamma,kappa
1,0.8171054154543845,-0.5199524974379701,-0.13494173462640116,-0.0005669009824267698
2,0.8187233838609851,0.8526888020731401,2.6188180106378462,0.6851862669631166
3,-1.5595110652704043,0.25085153750025024,2.822040113252991,1.244666240631611
4,0.0580056139026892,-2.013043545433209,1.6193670276901289,1.1077226153794426
5,0.41037161309707226,0.14322870300566887,-0.80915384180629,-2.0607246267157477
6,-0.6309961436375204,-0.9283409468575887,2.4232299836697853,1.4200586391589605
7,-0.3683818078021794,-0.751199271345681,0.411675197762432,-0.034234967844112896
8,-0.2607419759973632,0.13604229748987265,-0.3311492946657287,-0.0012192206322125649
