pulse,alpha,beta,gamma,kappa
1,3.140800190597762,2.822706198116271,0.8091275939625182,-0.016027532000811816
2,-2.2699616751742466,0.8067214599379648,-2.930364956366847,-2.812711965054003
3,1.2915976408119065,-0.04971014331816314,0.17190554904971803,-0.8893923091305688
4,1.1753347767005882,2.7821394469530034,1.3040290132901844,-2.5782446060181363
5,-1.2148765078883048,2.8247251108654283,3.0875525497158898,-2.7580311876036725
6,0.20711108218606977,2.9696574458918636,-0.6617101918653645,0.92586830330038
7,-1.0419878727055962,-1.097597495791057,1.7933000519779867,0.5652446952934043
8,-1.8123578065613921,0.4506967168966142,-0.335292909894572,-2.504567487979354
9,-0.22257982522591363,1.5315043355441582,2.419620804945206,-2.2159832350917847
