pulse,alpha,beta,gamma,kappa
1,2.8051188396049564,1.7474491729537176,1.8338345082459813,-0.0006234555284941995
2,-0.2049990465551993,-1.4710145293110584,-3.0158694746331065,-1.747844795273057
3,1.8838728808675362,-1.409907105206425,-2.8986278085320576,-0.06763988751937625
4,3.1403877818959516,0.3005170800591485,0.6394097378884834,2.307683131654512
5,2.2814947437778597,-0.31990241564315186,1.0964707059002683,-0.6213541366771692
6,0.8584702352054187,0.0747364529503015,0.0044500707486229175,-1.6603867104665428
7,-1.5176300311215827,0.24790091981925563,-0.504661669137478,0.7963922373304259
8,3.241380167232882e-05,0.26690210276344273,-0.040865586998411696,-0.7994334154413718
