pulse,alpha,beta,gamma,kappa
1,2.291244443007163,-1.3815730635138634,3.0056326772466386,-2.978549630251055
2,-0.3172422084905313,0.7437488987355346,-2.070220082559439,1.269417867665341
3,-0.38111182621027223,-0.8151408054341067,2.601484408559958,-3.067183896542321
4,0.6912851506607616,-1.6808087401528213,-0.9400450949911571,0.5311388651401616
5,-1.1860342022450696,2.5393939697152534,0.8841229682847452,-2.6350914421221523
6,2.3504413612190143,1.0411297420316783,-1.372167417440244,2.8041327651356918
7,0.11271497479506017,-1.0162326989869963,-1.356277160187297,2.09318424528113
8,2.1038541090071874,-2.4814156305452557,1.202071514439517,-1.7602291893045459
9,0.4293840165308224,1.0705607567026674,3.0713019523394216,2.2801954049240347
