pulse,alpha,beta,gamma,kappa
1,-2.706242840870596,0.9864932111304667,-3.1415919582335885,0.006098643349441638
2,1.2052165293878432,1.7439038182829598,2.160760831267193,0.39289069314359
3,-0.6385051559633004,-1.62638044098647,2.3653944624838816,-0.7288197528025899
4,-3.107596193189143,-0.618050318787135,0.26738515643774424,-1.7908057131480055
5,2.6701362941090356,3.141592653589793,-3.107602469458108,-1.564795542697946
6,2.116624500109137,1.8756440278108026,0.06254309442000687,-0.5779869937868213
7,0.9620464928329973,-1.8887581553395212,-0.03326341057742291,-2.3565495344687433
8,-0.7451379894551845,0.8631348500187975,1.0263215928106026,1.11626464628766
