pulse,alpha,beta,gamma,kappa
1,1.2417649528501424,-2.043668972013375,2.1579850399886302,3.077162361964795e-07
2,-0.3892077201060433,-0.6460020598409172,-0.7394006261152816,-0.30565877591029056
3,-1.4808275206730022,0.3094665563385153,0.7637006646666379,0.36812131479770893
4,0.9417515266188354,0.2928948488762651,-1.0920954025603593,-0.5441678359061484
5,-0.23059159151823064,0.5477451089323033,0.0004301318922853437,0.30508280579308455
6,-0.19901356398336606,0.128034211024622,0.49314627722163246,-1.6836584314235603e-05
7,0.1087689667521421,-0.5965176954700327,0.11083791442070143,-0.0575402522387943
8,0.06240102177866146,-0.08958489554166088,0.12398359181271375,-0.018168711864938614
9,0.07104524399257954,0.08093265511000801,-0.006830396454139455,-2.3561741492138056e-06
