pulse,alpha,beta,gamma,kappa
1,-1.0673870081274757,2.315947775755768,-3.092149128125282,-0.21128114078971075
2,2.6876670861741436,1.6870325052630046,-1.2831578933129029,2.0104318527494187
3,-1.8134068250689683,2.5852339765316406,2.687752852040898,-1.4905621003792298
4,-2.752833431249284,2.941818073057087,-2.415513421017222,-2.755477212123235
5,0.7110649219329559,1.7436772141278232,-1.098069269635982,0.3886128138621221
6,-0.6583746375696264,-0.06632016219796659,0.9909933725554395,0.7735820864160229
7,-0.05412453082845324,-0.2488449597843921,-0.6617653795524677,-0.5106531385901696
8,-0.007946496064459305,-0.08029705222451683,-0.06759975655588715,-0.0031877632017757217
