pulse,alpha,beta,gamma,kappa
1,-1.502786166760105,2.8101963044351534,3.1415765844619585,1.1613547355410015e-05
2,2.3652196935354644,1.6398528092878335,0.8536378045110307,-1.7368539463239105
3,-2.124885918432324,-0.8614056760885976,2.0442865165391018,-2.8919628865888245
4,-1.881045493667491,-1.2328310567236906,2.926867743359958,-2.714006322693446
5,1.6351697018159306,-2.1464276942147436,0.797245040176529,-1.6789508234806507
6,-1.5426322483077892,-0.2718414834222229,2.8516699381284503,-0.1958284546082742
7,0.07881640759211239,1.718831575791558,-3.134387646215904,-2.424275304703089
8,0.3347507147271302,-1.6743961735590973,0.26279228357013745,0.28542760550158075
9,-2.422952009667746,2.133831121419564,-1.6089881179152035,0.24096616070320687
