pulse,alpha,beta,gamma,kappa
1,-1.4109767252765726,-0.5041698260002152,2.4403701406269867,1.5906718301253029
2,-0.9501846842034942,-2.4795127463329356,-1.00431538325317,-0.7538970446199141
3,-1.7328525100345522,0.9680772928441687,-1.140748250335979,-0.9845594859865441
4,1.5791699497651424,-0.415151835459012,-2.4219721783514694,-2.7618947870163564
5,3.138347226289492,-1.83904395390528,3.141592653589793,-3.0806782026620723
6,-3.055672144147204,-1.4232633920567614,2.3635378205461604,0.6103704258020686
7,1.4163093412953671,-2.2086590921385456,-2.9916312634985633,2.906835330398619
8,-0.7472781801023649,-0.12261357053719275,0.5497816565055775,0.3390274898091574
