pulse,alpha,beta,gamma,kappa
1,-0.14970834867443444,-2.7023921515896583,-1.6354988287726173,2.2786712186145484
2,-1.8486858672214403,-0.30995573464184806,-1.9745075430548182,1.9896621527592813
3,2.7807854393422713,-0.3301457176450281,1.6658990583299431,-0.664051974567201
4,1.5255715154767315,-1.6316848640510209,1.2947464618746711,-1.9790768787180322
5,1.44664976227505,2.4368474284723853,1.9229406969976064,1.6501123864147955
6,1.8211688072713388,-0.5504513860699106,0.7257326236542794,-2.1736670260132858
7,1.3955157192125245,2.455085434021592,-0.2834777442180155,2.0277706459894125
8,1.1292198853049755,-3.0317040095120986,1.8741852854203225,0.780916149507695
