pulse,alpha,beta,gamma,kappa
1,-1.9815840393249808,2.0425595714063753,-1.2621498704743652,3.0267091158707395
2,-1.8356099854617816,0.9626952982206075,-1.8064328082436067,-1.5421877349629494
3,2.4301758218273557,0.0571587684389999,1.235798626864986,1.6746774259417585
4,-2.8903389894343205,0.26533532448087754,1.469376917745172,-1.1891465886747121
5,-1.9599796494113835,0.14554723445683823,0.9778165448597921,-2.5021451197604194
6,0.8299337250430625,-2.0407929332488735,2.9962402097750727,0.6335758575089284
7,-1.3104300054052727,1.6732828091744032,0.8131064388860422,2.7401582890449707
8,2.6816087083078544,0.5897371598625603,1.484110498202341,-1.0258089514646753
9,3.141522442400215,-0.5882483246971527,3.0078504356445657,-2.2644523347590964
