pulse,alpha,beta,gamma,kappa
1,-2.8770412878450773,1.2652908337792248,-0.0005455014229771961,1.0012949062205638e-05
2,-0.10655976333924563,1.0495222592870985,-2.8770536995851734,0.41993969997601965
3,-0.09186127378558116,0.5691354608827411,-0.5457877222328488,0.2641328160552467
4,-0.160452418396174,1.092598888570589,-0.27699642424717386,0.3465090813071235
5,-0.10352992286714782,-1.0326324318241586,-0.013731185739900773,0.11126676887759052
6,-0.09193888904179776,0.3158468914879957,0.2583251977175746,0.09510565562246506
7,-0.009430072458762848,0.1173290551635683,-0.0909210813933458,0.10126238706614055
8,0.04067112829504574,0.06737776044346813,0.012221727229708018,0.031425559430020684
