pulse,alpha,beta,gamma,kappa
1,2.8652829009838308,-0.9221871174315285,0.607190747366968,1.4465248517906484
2,-2.193859521809827,-0.007951437217417458,1.5536634129912013,2.4944624303389635
3,-0.007426939790664228,-2.2772753779628454,3.0037972075748534,2.9895078715923282
4,0.23279710073764837,-1.4145910111030682,-2.3212776930828287,1.4055515785168229
5,-0.3351409841776537,0.9260961623599577,-2.540700367603194,0.26806321625614
6,0.30607062828865406,2.5677479800747367,-1.4788014843370945,0.1742988957117895
7,-0.9409465137674388,2.0683778913958584,1.3408330828173785,1.7803165139171755
8,2.344354307464337,1.5485281983404204,-3.1248897052420057,-0.13000309090164033
9,1.7150611020005544,-0.8661991026497242,-1.4248935543193295,-0.3061358256102038
