pulse,alpha,beta,gamma,kappa
1,-2.880237656714248,1.2628480868731864,-0.0005390905416616029,6.389293511324088e-07
2,-0.10874587532724385,1.0548530416765092,-2.8802429354555463,0.4244389123394522
3,-0.09152089906510716,0.5691167859035139,-0.5479647278125612,0.2656594178940374
4,-0.17092324254694993,1.1391755228048943,-0.2766741339670852,0.3476916502360407
5,-0.14206170189438175,-0.9922383373497129,-0.02419785147373321,0.11029651906982836
6,-0.02079215799530783,0.33061171330636924,0.21977581036005558,0.14403609326188033
7,-0.01998500735886114,0.0816837052102621,-0.019775778624035498,0.08866494002850633
8,0.001811034457987718,0.00782626296509859,0.0016881184537937588,0.00043720870929690487
