pulse,alpha,beta,gamma,kappa
1,1.2491419077625006,-3.1408962410397114,-0.18499873687147753,0.671371367364268
2,1.8495136993727188,-2.3254290446932715,0.8137800690155542,-3.0963859658066064
3,-0.9459815996579294,2.0916150561743043,-2.3526094782398324,0.6089351629938659
4,1.8107330992298944,1.2216795812088397,-2.320767391739,-1.1318924432907824
5,0.7385141857207878,1.128851611577417,-0.9033911661659633,0.3668422407291781
6,-0.5575578730630116,0.5059054974073703,-1.6361655123721461,1.6874326716873882
7,-2.644516492400349,2.5419893272999876,1.2373187304980058,0.14424423564790362
8,2.07011068336593,-1.665846553618696,1.0249551637187864,-0.381773902737381
9,2.6155643191077775,-2.2030602232746808,-1.4945053491162323,0.4452996998973326
