pulse,alpha,beta,gamma,kappa
1,1.2408443896051187,0.519927001284659,1.8795420963227505,1.0365562277015468
2,-1.4353498242371046,-2.956819401483819,2.7521993932922166,-0.4672150538355138
3,-0.7202559714933221,1.515455104746545,-2.174214411683707,-0.6646740222799536
4,1.3211839676577213,-1.6004095719809472,-1.5871925430896963,0.4088143722522854
5,-0.9580907792249052,-0.929891050877427,2.284517365140465,0.013866988565688488
6,0.6633046712066459,-2.2320842931128846,0.4148564837565149,2.370488418188536
7,-0.49399138985625896,-0.857968533749081,-2.1967348820848835,0.674305150914041
8,-2.3382238593682243,-2.420342845829703,2.6586788572360067,-2.4578090371412755
9,2.7873075555391558,1.873804737820939,-0.8263953016470721,2.6288917774028424
