pulse,alpha,beta,gamma,kappa
1,2.4526399039029707,2.725801469936991,-2.557886617561325,-2.022698422346055e-05
2,-1.1685276675470984,3.024997271772878,2.894318760647348,-1.6144607270826794
3,1.1408689761724722,-2.440802512986865,3.141592653589793,1.9756052010598644
4,-2.9647044348296547,1.8641882544572017,0.8768949895702555,3.005287980545845
5,0.7902340800367018,-3.0934322694542513,-2.0564209858961737,1.6116517564611723
6,1.982924812296707,-3.141592653589793,-0.730686890026949,-0.763538310693506
7,1.476664084642096,-0.2781432922643832,1.3191827627284574,-0.36878002676797805
