pulse,alpha,beta,gamma,kappa
1,-2.126293582195511,-1.6644900008593306,3.141591266565366,2.92965950691105
2,-2.836209558396623,-1.902777658795666,-3.1090075801335844,0.8354547934748087
3,2.0346105124354095,-1.2563730327693325,3.0332544847959815,0.6671694286000681
4,-1.8832248857572385,2.9416294461380015,-2.09005896727725,1.9703623774673296
5,-0.5085324161294932,-0.04435357630054707,-2.8704141154661436,-1.0989713954365676
6,0.8491409273200762,2.830623992566942,-0.9974636162282574,-1.8688749627683625
7,-1.7006539988787586,-1.3198899566778155,2.9100283039726476,2.973981522943894
8,2.34741959126112,-2.2276730313700672,-2.3782795246850883,1.1279170779775458
9,-0.22565316982438471,0.37709430987231135,2.97005211230691,1.6197598819302645
