pulse,alpha,beta,gamma,kappa
1,-2.8816178188278263,1.2634075727777159,-0.0005454087511275605,-3.933806615732389e-06
2,-0.10616231096960302,1.0522598739192548,-2.881636225731161,0.422724430178291
3,-0.08913547245990172,0.5674602179503576,-0.5453821421328773,0.26463776669030725
4,-0.16848813381281236,1.1101684444281512,-0.27427597373458557,0.347614578468342
5,-0.1331884447102145,-1.0055930242541984,-0.021765546962128103,0.11249016591921664
6,-0.03937569503853475,0.32327396574540584,0.22866022245365758,0.11958711681462847
7,-0.016095913988688374,0.1031519171650217,-0.038349691626465586,0.09882230053361853
8,0.007956367517910751,0.03475780762162624,0.005564705448113945,0.01117685483574011
