pulse,alpha,beta,gamma,kappa
1,-3.0221373034151657,2.940057697010303,-0.21832891668600887,0.33387485256167654
2,-0.31961045120984416,-2.6470894181539055,2.9983395099990147,3.084933057749621
3,-1.224516802353047,-1.6259308533490773,-1.5763705680713205,-2.982089682263387
4,1.5003036877043394,-1.7934460998391493,-1.6933312543299883,2.6841028352837806
5,-2.312124245083625,2.314846878712451,0.29494911749666197,-0.9763092266351572
6,3.136863296210257,-0.5391656148683875,-0.36169212525574906,-3.1038977321955983
7,0.7773701531502393,1.926598589198479,-0.7859798827683911,-2.0158116297503197
8,-1.9589675932115271,2.6970348800538284,3.025475443645298,3.044790138754054
