pulse,alpha,beta,gamma,kappa
1,-1.882995127742395,1.204652781889409,-0.5162103092009351,-1.8416998602720592e-07
2,2.220177899344595,-0.7037834661104072,-1.940859765529556,-0.7966524461216635
3,-2.985363040468469,2.9559032573075212,-1.7183281160271782,0.4695388195371504
4,1.5149084246766389,0.5046088207996743,1.3645867266837322,0.4159878691490819
5,-2.069408259367284,-2.1585588098857564,-2.1364875865326676,-0.33355316658038614
6,2.1388317576061344,-0.288079988239517,-0.14408662777560172,1.781101790756023
7,-0.14859734998405189,0.4650581196532218,-0.3159393381391399,0.035116370304362134
8,-0.024219328475371706,-0.028530418899580422,-0.024191534904105857,-0.012305048988394868
9,0.0011730910273103881,-0.026725880670306644,0.001253597136519802,4.3445324886933713e-07
