pulse,alpha,beta,gamma,kappa
1,-0.8367374969084803,1.5341092373732765,3.141579285264744,-0.0021721934638475274
2,-3.0428290945078054,-0.7544591499634375,-0.8872684293585595,-1.1173314421463016
3,-1.1156690780664729,-1.7834323317806033,-0.8439616440907598,-1.969639913909227
4,0.0034942414284300036,-2.669513749101605,-0.3848087599458624,-2.9939571789102977
5,0.8633240506875198,-0.1798339625331988,0.39829847451219774,1.9496654845701242
6,0.17364438719189954,-1.1142879348136816,0.34683653225984257,0.07697820167644827
7,0.023240346556476648,-0.0014695302640098196,-0.1357736806962102,-0.1242554378125105
