pulse,alpha,beta,gamma,kappa
1,-2.6387020084567148,-2.642096603844304,0.6385964778567306,1.4305720365168675
2,-0.4844716031809448,-1.6428399289173874,0.3294925583617243,0.8640537661846157
3,2.5006563711521586,-0.15961488338624916,0.32233643475904467,2.571722310823994
4,-1.1335768373577684,-1.8574936797029864,0.8289676355131552,-1.9964107023713096
5,-2.487996124281284,0.680337945197889,2.5524635720118707,-1.8722186992259844
6,-1.5417881674610108,-0.7380007437382733,2.296253044662468,2.6242930115301073
7,2.3894099543853162,0.5683937356897545,-1.830134862330355,-1.9656206540100956
8,2.806161397102364,2.8391335147781294,-2.986136251785153,-1.342204069677361
