pulse,alpha,beta,gamma,kappa
1,-3.0418964392473216,3.141592653589793,-0.2183273450356899,4.846080346906465e-05
2,-0.41836790792954304,-2.7667993071488532,2.978580721082684,3.0741385270096524
3,-1.3194935709839706,-1.6809887453949761,-1.6751263944533477,-2.9552549928252683
4,1.5749518438132366,-1.863245277241648,-1.7883068397288293,2.69802436283541
5,-2.4065091388494255,2.0773259653631366,0.369596840442639,-0.9415916902291792
6,3.1274661360767215,-0.7239502618500255,-0.4560794542367378,-3.0897730721434344
7,0.6977395752322755,1.8878308273271687,-0.3078863970307512,-2.029817770643353
8,-2.1653231964015935,2.7682030976155345,2.945846011134812,3.047067748236272
