pulse,alpha,beta,gamma,kappa
1,1.5034953595163352,-2.108652499660416,-0.9016380602227291,0.0011073835580347152
2,-0.7324363880784728,0.5127510410436329,2.249790510943277,0.46229906272708887
3,-0.394296283131651,1.9418374327986914,3.110487458836674,-2.924804202236047
4,2.1487336822237797,2.0637086662236968,-3.0445661873835004,-1.13487543112502
5,3.12675748819717,3.141592653589793,-1.338394617927653,-1.2820549789911315
6,1.7054926655171894,-0.6486839385005492,-0.9168894605315564,-0.17725783406611428
7,-0.6034822631919701,1.0684516286750816,2.703977568696055,0.8901068759428068
8,1.881636376913016,-1.3856204490296862,2.429938801223589,-2.374764940595126
9,1.9143768201599953,-0.46058553620227066,-0.8497232447291229,1.0136711386178305
