pulse,alpha,beta,gamma,kappa
1,-0.3799615695501133,-0.5108528886755803,2.4403872625098817,-0.009551404895042718
2,-0.8179454434331505,-2.5855355449853215,0.026721529332652157,-1.0566377487988265
3,-2.452761536943495,0.9782335160151994,-1.0085038338141077,-0.9085331107343219
4,2.9142481419302717,-0.38916273210037344,-3.141592653589793,-2.7743109108114425
5,2.9704147533683063,-1.386045292779226,3.123129957931911,-3.083229592883249
6,-3.0382257552219234,-1.3421369281136877,2.282284767793709,0.6159207163031278
7,1.5238076951546093,-2.2432633544911598,-2.974205413752903,2.9016989742958628
8,-0.9082696657125823,-0.1645872564891552,0.6572666745575995,0.3648208577249179
