pulse,alpha,beta,gamma,kappa
1,-0.8662016390226803,2.6917715980353996,-3.0921547941483727,-9.89191020420502e-06
2,2.576220057377783,1.999090767854703,-1.0819890691102,2.152284296458132
3,-1.2972193586140828,2.54004277162707,2.5762963909143957,-1.3300232594350108
4,-2.272370606489044,2.3762112726990376,-1.8993228899630552,-2.576894006775092
5,0.7039557941337462,1.3611981782183906,-0.6176030529542476,0.2570709126708031
6,-0.8784068223734369,-0.3784214763604947,0.9838728671867742,0.8707749274674056
7,0.16759730598699615,0.3358935311616337,-0.8817897355555744,-0.522985625262154
8,-0.008510065284730155,-0.8504157494109016,0.15409893610711395,-0.056616762354823
