pulse,alpha,beta,gamma,kappa
1,-2.9673908317240336,2.535294929200684,0.9584425884176616,-3.911298721487681e-05
2,-1.74294448876967,0.31162134635600025,-0.5555523480671378,0.7011339697697169
3,-1.901019367744745,-2.055511633899163,-1.8307891976662154,-2.6134727097003685
4,-0.7984392628135343,-2.6553841584565694,-2.1734000908860494,-2.437221050781572
5,2.878769583924182,-2.6275185046501845,-2.1139012566353106,0.24016741805384265
6,0.02369156034814772,-0.4519165742560469,1.566251419304095,0.8777269403185878
7,3.133931009315747,-0.7129432962977685,0.7260194205593895,-0.7032234832712128
