pulse,alpha,beta,gamma,kappa
1,2.8436344788401495,1.7399060196141891,1.297283777441388,-3.5920453595271616e-07
2,-2.3222693487958175,0.8439941214293701,0.7777794528615906,2.4764172344254014
3,-0.44393888592640124,1.2745942015253597,0.4582876339071259,0.587433286360042
4,-1.3857238819021782,0.8518154765981676,1.693339688093456,-0.39198617100080213
5,-1.536683717434133,1.592614916711809,-0.09575533026458553,-0.16679625534417103
6,0.8049638575830984,1.378109408946497,-0.5703433757962935,-0.10086512770070774
7,-0.08644793436898715,0.11433173356884455,-0.07876542068514554,-0.13718144922278777
