pulse,alpha,beta,gamma,kappa
1,3.034580684478732,-2.528591850972586,3.141588581872717,0.00021135783700232809
2,-0.1278526453500071,0.1760242928210542,0.5944233341792383,-1.5861690662325711
3,0.39537243236924624,0.15697715572935142,0.8056184914199567,-1.3734376119920488
4,-2.694780408835139,-1.7422489089779694,-1.5147594048539792,-2.108988699695575
5,0.6115533102576503,2.405399668146097,2.884405295473555,-0.7513982999819013
6,-2.065089155228952,-2.2053234921477745,0.4006503735770979,1.4902369160616695
7,-1.7522498367376325,-1.4226422374971492,-0.9087654196929896,-2.140060934788961
8,-0.04051016181156624,0.7602902387395029,1.2037465616424388,-0.14071761709529276
