pulse,alpha,beta,gamma,kappa
1,0.35538757883363215,1.6043462089006253,-2.209717379666712,0.4120489359670364
2,-0.8447655866515069,-1.018642138489409,0.5815178051623581,2.8128995927801954
3,-1.2001513289558579,-2.1018223220100625,-1.4314182307655952,-3.0238999259065267
4,1.979986461803935,-2.066158241815152,-1.7411421970184409,2.667153111281631
5,-0.41661061668696625,2.733058156051618,0.4471767333906751,-2.459702850021833
6,-0.591197019348297,-2.1901786368032945,1.057569647399524,-3.141592653589793
7,0.3299006824020397,-1.4729516782817442,-1.4254517154576387,-2.5308775524247125
8,0.9553522871346547,2.6637378475375124,0.15117907588069182,2.9658514572697507
