pulse,alpha,beta,gamma,kappa
1,-1.5339740810043587,2.1480693291773965,-1.2621611307805032,-0.0025355737723681262
2,-1.7844981825565331,0.8663092055006277,-1.358822907390428,-1.4232615303176217
3,2.2134969511809337,-0.5451492696683377,1.286924821602231,0.15528543341417458
4,-3.0024733681448854,-0.060361101170877084,1.2526842759975343,-1.1493658847290713e-05
5,-1.8927399533339744,0.08513164613135896,0.8656926288910821,-1.775900509717312
6,0.8986347926662185,-2.4016491626208247,2.9035155561918606,0.20433207088186245
7,-1.0341348534606036,1.7345353310909686,0.8818112088288328,2.9000485398934357
8,2.40690616718831,0.5390264112878373,1.760413745048402,-0.953719934104832
9,3.01131370391338,-0.7004844947529257,2.7331445491728585,-2.3756015510168496
