pulse,alpha,beta,gamma,kappa
1,2.842355622061648,1.7558107398932696,1.8338202601696563,8.497690317771296e-06
2,0.07138401376354682,-0.7930205099609481,-2.978625862375235,-1.6797271275177954
3,1.9049631619135652,-0.41474725618567015,-3.141151891660813,-0.1663744296441088
4,3.085509657064132,0.32601881001800215,0.660497947031068,3.032530369108094
5,2.5792802296255344,-0.34516002496267584,0.5114470015498188,-1.1526061255452538
6,1.1487196818843095,0.08178416818153462,0.3022393060478523,-1.9105766178540347
7,-1.5942866219985967,0.47745027394491,-0.21441456096299646,1.0399642248542162
8,3.040344590481488e-05,0.261521503776023,-0.11751929683975267,-0.07251337156612395
