pulse,alpha,beta,gamma,kappa
1,2.824650616844014,1.7048923617082337,1.2972676247381267,-2.955248661712731e-07
2,-2.306117731320992,0.8337052648213202,0.7588073938644009,2.491582178166831
3,-0.4961419611891948,1.2674564656438272,0.47443658137538663,0.5934931697291023
4,-1.3585315517958947,0.8434857548329273,1.6411396515109251,-0.3713711507780831
5,-1.5685389240563572,1.5908312693185935,-0.06857100398339656,-0.1698002961898956
6,0.8441957680343287,1.3684596859331417,-0.6021904459179263,-0.09314317342197766
7,-0.013020433306484204,0.1632991261107771,-0.039554221466940244,-0.10450687477455466
