pulse,alpha,beta,gamma,kappa
1,-0.264632236090067,0.3415937799115351,1.0933683588337526,1.174195562371755
2,1.3675679294279062,1.3322591515076758,2.6358849810512237,0.7080805813435138
3,1.4264176033470757,0.5454360637377615,2.7134205241260227,0.6906756045764144
4,3.1180534496458243,3.0375601852388225,0.35642272254686763,0.7942427221610667
5,-0.6750638197607758,-1.1486033891836689,-2.994210251402597,-2.251875755695455
6,0.8111838453027849,0.5585699578945319,0.4058709020217198,0.5095696532408842
7,3.141097443774803,1.7038220513333222,0.9613290636590093,0.3274471144862142
8,2.45843241349376,-1.0508993076159894,-1.3914268714120663,-0.2520058543728812
9,-3.0599980281645944,-3.041636350788832,-1.473103589605662,2.201181898608492
