pulse,alpha,beta,gamma,kappa
1,2.4661647414431824,0.8326991591932195,1.507951375015185,0.9154249562290876
2,2.441432631737629,0.2830501465260596,-1.2277621140150086,0.6923399794079973
3,1.167239848460907,-2.7239688729846203,2.110919156342818,2.4997927155711825
4,-1.8891905939459421,3.0135775859075027,3.117944879205932,-2.558601585602231
5,-1.8148255428162465,-1.6225244723329824,2.3919668113360077,-0.5942060605924362
6,-1.1411752899189864,1.0326361180885937,-0.08901330732823075,0.04139744767267843
7,2.951765700893406,-0.3598143240443884,-2.9738777875037266,-2.7554346130365044
8,-1.2103831440179402,-2.713323603687232,-3.141592653589793,2.678897172905573
9,2.088149224543614,-2.532521421777514,3.100115668947214,-1.2834626054049367
