pulse,alpha,beta,gamma,kappa
1,-2.3899164046368506,-1.8465058811605972,3.14155392597798,-0.007713722894656622
2,-2.403106515246176,-1.502209954820092,-3.141592653589793,0.25026667697654276
3,1.8399551156744305,-1.3122375392921206,3.091260426562844,0.6217164655622379
4,-0.9952638490076756,2.1759171803574153,-2.2847191490759706,1.5450959566764626
5,-1.159674340924561,-1.1590336790831417,-1.9824500982926914,-0.19393185709335525
6,1.4799667673281374,2.92537456975469,-1.6486078675955222,-0.2967005272288374
7,-1.4651846903460921,-0.9172045399135704,3.084246196612237,0.8172881873124132
8,3.141592653589793,-2.266616269273221,-2.14280908656404,1.3339484370607528
9,-0.5390181509330694,0.6131303441463077,3.141592653589793,1.5671550126336384
