pulse,alpha,beta,gamma,kappa
1,1.1042171623616126,-2.8785382675677056,-2.779263257358945,0.49441618655963415
2,0.12687720569315084,-0.43525766260284615,-1.3940729912342105,1.438621225226082
3,-1.5012193583182651,-1.1086004684000474,-1.808257697095486,-0.9975585656272085
4,1.7685798033772502,-0.19542655262462502,1.973136528918621,2.5233767088938865
5,-1.8601358790070195,-0.5764430221142209,2.79821991462723,2.300289481123213
6,-1.7179106068708003,-1.0834238574465975,-0.5499905849842669,2.531932901765975
7,-2.9961618032517254,-0.9199759758892366,2.384200202468888,-2.117172548679285
8,0.6834545998484091,1.6573560739030504,0.5942618057610017,-1.941441050674392
9,1.849497126330707,1.7405679782235621,1.8636855536525765,0.4624098919940083
