pulse,alpha,beta,gamma,kappa
1,-2.4969087201448508,-2.5295189198521166,1.390010354218077,0.0008008159299725157
2,1.9371623736264207,2.2902017704139404,-1.8208586444800066,-0.7923261691562526
3,2.5357176417202605,0.3478818027910993,0.4970488875565958,-2.063041288320964
4,-0.6610124626524487,2.0170650382353945,0.8405211870327448,-0.16297251704584986
5,1.7982978943038899,-2.323547200085693,1.1839491667945423,-0.04948668522718722
6,1.1919441191167623,-2.260517360509232,-2.293554273164887,1.9681709532227265
7,0.4019298302751468,-0.8423195604852936,-2.466933890880739,0.014897195804877259
8,1.404763541657915,-2.970900548871119,1.7602623614781672,1.4416960322670116
