pulse,alpha,beta,gamma,kappa
1,2.771905821197392,2.0779003209561178,1.297269359597007,0.002865653044394526
2,-2.288382826614257,0.8580016551849585,0.7060597958685008,2.450831996902763
3,-0.36449170001089204,1.356046660277469,0.49218622590964656,0.6150182038874117
4,-1.2204668289104847,1.1685355106947206,1.772801362183991,-0.5403149309884689
5,-1.3733844072531476,1.8277323367364846,0.06949506689907768,-0.1784384275749013
6,0.6284659652619621,1.3492793754162613,-0.4070407089665053,-0.1584251216689836
7,0.44938447050277097,0.38777332927844477,-0.2552824987762548,-0.10504231374895301
