pulse,alpha,beta,gamma,kappa
1,-2.5992847810639534,2.6188135170325464,0.958448901394563,8.229210754428072e-06
2,-1.767706528832724,0.1574189979297071,0.1305735272679701,0.32020196348759583
3,-1.8298635089005915,-1.722102268061794,-1.8555680339385356,-2.0795052661221143
4,-0.6863691862951203,-2.633277301471344,-2.102252808191273,-2.3494997259958015
5,2.97065312388846,-2.579949261029064,-2.001832519783975,0.1714848837248302
6,0.029523236594397092,-0.6249942950861875,1.6581254770965108,0.9041284979037992
7,3.1197406090049933,-0.7264769333834995,0.7318684782828733,-0.6904768238339627
