pulse,alpha,beta,gamma,kappa
1,-2.8803254526364794,1.2625198894366338,-0.0005299994573000605,2.5142353363625515e-08
2,-0.10899061240378158,1.054890415345628,-2.8803272421663033,0.42463333862815617
3,-0.09163151600515307,0.5693929387868353,-0.5482091441598357,0.26571773740799837
4,-0.17122705425711846,1.1433250100983308,-0.27677408935635606,0.3478429687270118
5,-0.14402279532395515,-0.9889633627286698,-0.024494335197090836,0.11025609326171437
6,-0.016813194993956466,0.3353654408466567,0.21780862985690877,0.1496781368903342
7,-0.02135811108425155,0.07686449187583551,-0.01580266177801993,0.08329443500167749
8,0.0003204949212817663,0.0013508741730220142,0.00030977296780776816,0.0009872633436209218
