pulse,alpha,beta,gamma,kappa
1,-2.304695624998333,2.074929280261219,2.526606568460777,-2.7211519777024275e-05
2,-1.6289480334376527,-0.13368162001162595,-0.5700024950196411,0.0162702578617712
3,-0.913176302292138,1.795299227908039,-0.39172536700721994,0.27290505202366455
4,-0.563324242092606,1.2473876567306277,-0.5505629768721869,-2.344048698789256
5,0.504195935859682,0.43371016141906427,0.2694790324460077,1.221011932701355
6,2.5526942166986353,-2.8266630227578124,1.754983153304409,-2.4494249897589286
7,-1.9182005304007264,1.2301350590726774,-0.6473257257288456,1.7152476401461179
8,-1.854197218459339,-0.6317761774445884,2.070498247164696,-1.0812069079080395
