pulse,alpha,beta,gamma,kappa
1,1.2305883626503678,-0.4281023450329637,-0.792386095374222,6.540599248728007e-05
2,-1.3741895650657168,0.35359558812003744,1.8410194962879396,2.4201763934538656
3,0.051637720577728426,0.6358821237631391,2.658356574523302,2.28642344887739
4,-2.8502611739214236,-2.590527387187166,0.38658087929415746,-0.6938587740487485
5,0.6337737816947001,-1.1651959125350098,2.008712490794532,-0.07648069811239457
6,-0.34618086885029337,-2.933706647542329,-1.1930066951593257,1.6496677080303284
7,-0.1351015161157282,1.620781042707195,-0.9459547929564692,2.649235852109857
8,-1.3702639107448067,-1.0102839173787135,-1.9620148727641702,2.3321534743757075
