pulse,alpha,beta,gamma,kappa
1,-0.050322065044903296,-0.916837416338311,-3.1415909812350638,1.5371796449500974
2,-1.8678529471689718,2.829568979495494,-0.04018613257526202,0.6323973735853997
3,0.9101268119333935,1.3596191053479816,-1.4699265927340832,1.5750523500147338
4,-2.9788006162843828,-1.7509102683092288,-2.4508918489892846,0.16006441080460085
5,0.005503317291439296,-0.21141536182912,-2.922769725854068,-1.7042564999541236
6,-2.4811602894418585,-1.0625363968673838,2.307296130415785,-2.133432544386899
7,1.5915218151722452,3.139598086412139,-2.506693842658828,1.265137379908043
8,0.16139772579850314,0.004170774160572682,0.16128922099597653,0.0854944008975155
9,0.16115589143097303,0.005407590752708621,0.1611198470585536,-0.000758246402834536
