pulse,alpha,beta,gamma,kappa
1,1.2294680064840657,0.4006420248419152,1.8795378592399676,0.8457979766258039
2,-1.4394924585977582,-2.6772257476770505,2.7408218983480572,-0.41383649439976533
3,-0.7450228321489789,1.3399068474699738,-2.1783557471368526,-0.7045012415883781
4,1.2802335519571697,-1.6719878841607076,-1.611955506262421,0.34952739934712335
5,-0.943221618162165,-0.8723528094577991,2.2435693332039737,0.020652587225839805
6,0.6492186652657869,-2.2844373987548696,0.4297205001052523,2.3821680363677875
7,-0.548574473743245,-0.6653286341920132,-2.2108215318260354,0.6462883778752782
8,-2.4093104096804656,-2.583110876851054,2.604096723293506,-2.5082322627625335
9,2.8554821483164954,1.8178855037674317,-0.8974757069899822,2.700754231414904
