pulse,alpha,beta,gamma,kappa
1,-0.6433542695975278,-2.541827373563694,-2.3419635136751618,-4.239209641868103e-09
2,2.8735488401158107,-2.3072650369148957,-0.05403095340470772,0.4955840651129351
3,2.7227606342782806,2.3198363475028096,1.0755505993446375,2.4666867080419643
4,-1.5714394372051397,-2.241205027096325,2.9885184006848506,-1.7234026728193481
5,-2.2244052541761286,1.2735630795311272,1.1860972143032102,-0.854735273387022
6,1.7417397688762606,1.2213905253848314,0.33565161996011916,-2.0281259220457257
7,-0.02154499135680058,0.3608101924307857,0.025153540171146696,-6.344833886109174e-09
8,-0.007116115634668384,-0.22600649825544863,-0.01711191936017966,0.0005279884183782482
9,-0.012500151793439867,-0.1836592869521289,-0.009248076166649327,-3.622110624214308e-09
