pulse,alpha,beta,gamma,kappa
1,-3.1346791274266854,-3.0856116149774353,0.15312704564291263,0.8613242585334219
2,-0.682771187387215,1.205792498625414,0.9261536273871726,-1.3299434706698048
3,1.8389307627795153,-1.8206731407792658,1.5184819604303283,0.18545860218980872
4,-1.3054767417780937,-0.9839005662734676,2.019452466648719,-3.1300278035095297
5,-2.4708546337483175,2.6879946383531768,2.282247700052012,-2.168385716128999
6,1.2435077432228463,-0.6364876103947558,3.136182955748437,2.7294314466388747
7,-2.332204563891294,2.002247112176672,-0.2828392900141549,-0.5376047938010917
8,-0.3908592491277814,-2.2725580441517153,-3.114349572068479,-0.10766861519973017
9,-1.7741293998088357,-2.8763426901737947,3.1202717186330644,-2.08912925376803
