pulse,alpha,beta,gamma,kappa
1,0.5030472608733855,-0.5271696739037343,-3.1415926123352556,-3.7476878569006083e-06
2,-2.0450267530275363,2.6670152031172156,0.5131591796309003,0.2988358545616691
3,1.1588600995210343,2.0498878508643603,-1.6471238938234385,1.5777070695788515
4,-3.046869117098141,-1.3701602767559269,-2.202161673483911,0.1681178926938081
5,0.0647838462635153,-0.2859420901882382,-3.0468668815181665,-1.646039295839027
6,-2.392272160015138,-1.0582782467261385,2.366559746480178,-2.127923856049303
7,1.759873655964422,1.9610823049324073,-2.417810904966307,0.9264953137955464
8,0.524947975048102,0.9615975790654957,0.32963462187284054,-0.0348901747358078
9,1.1583324699128539,-2.009802542429721,0.5246459497781317,-0.05388685843236641
