pulse,alpha,beta,gamma,kappa
1,1.4406648076588855,2.237728669758511,-1.192919922003612,0.00010795302963830406
2,-1.615740067731431,-1.5537811002167117,-0.7346970935749497,-0.5925388176390508
3,0.21220415854444621,0.19934070770711262,-0.029242752483926143,-0.5585199120840765
4,0.058754385628803495,-0.5264267446491954,1.1129728255204956,0.7991154031391086
5,-1.6683570486545172,1.4479498939473543,-0.13522848992203296,-0.25029485964933534
6,-0.03983918070669574,-1.0481160757201848,1.1503072152667493,0.1379090887272726
7,-0.169615782896911,-0.5973094935341787,-0.10225274381082616,0.03554272060393058
8,-0.16843365229859858,-0.02327613715087102,-0.17091603767415295,0.01928659795587274
9,-0.11965561300973229,0.345840304035733,-0.16843975027162164,0.026870520301583663
