pulse,alpha,beta,gamma,kappa
1,-0.05142087406672219,0.1652044581460749,1.0932889079357464,-7.283964172757329e-09
2,1.5904724957921497,1.6008169965833414,2.8490046809428997,-9.410304492386066e-11
3,1.4777372009175422,0.43812359762615405,2.936234144866667,0.4596170951548327
4,3.138370751111132,2.942661696312495,0.40769520929219866,0.8941412704642644
5,-0.43290181483558027,-0.9728304016828001,-2.8746011782509022,-2.083629655332541
6,0.6357471031410042,0.4986437816473663,0.6481071299197413,0.5267996966144443
7,3.094125020350564,1.6356952729275949,0.7858502567926146,0.4103144381218985
8,2.450549982833677,-0.9485290820179835,-1.2556280422825572,-0.24007421012285074
9,-3.0017211084673163,-3.141592653589793,-1.4809843836722922,2.1778177240991674
