pulse,alpha,beta,gamma,kappa
1,1.7951936873989456,-2.0627028933430007,-0.9016346489173401,-0.5393450925780083
2,-0.871872205845253,0.509411802519808,2.5414895579117793,0.5098897843505299
3,-0.34319698313624025,1.752485584680708,3.0286543670839734,-2.8463428624838563
4,2.189449946594637,2.047313649958246,-3.053316026782605,-1.0794554887444423
5,3.115141616226383,3.1414345304738625,-1.2976794145970432,-1.3478817538180827
6,1.8036916730149228,-0.5944962296898127,-0.9605932296439139,-0.10491047761764478
7,-0.7216044522387042,0.9852573567068166,2.80217872719501,0.8756693814757417
8,2.0612661629630447,-1.4311877228682655,2.3118178679458836,-2.472927282110383
9,1.914379670420059,-0.4041761495608581,-0.6700955220586665,1.0275720465889815
