pulse,alpha,beta,gamma,kappa
1,2.2477673908077356,-1.3668538007566602,2.732946173535061,1.3160793369314476
2,-1.9234271265953584,0.5376142489525751,-2.9724131147724604,2.146751808908777
3,2.4166270608489424,-0.17753355098676094,0.43545288057441983,1.1804906582709307
4,-1.4403627634784661,-2.650448585180803,-0.6744418092311212,-1.8745517615164413
5,1.3255719385718436,2.1420663387426626,-1.1651135375245112,0.021103513910402955
6,-1.5396251493650686,-1.9547892175430819,1.4813958041633306,0.1975293061250032
7,-2.827231241237726,-2.95137555912332,-2.2217797943164435,-3.1360413286082136
8,-0.5006088900982102,-0.7253732081253169,-1.4056616526976597,-0.17267349036305155
