pulse,alpha,beta,gamma,kappa
1,1.2261459698364197,-0.7218817241436799,-2.6858422846211454,0.036859666339349895
2,-1.4052526335301294,2.790399002522527,1.3454449029681153,2.2656653475872846
3,-0.7086264197716124,-2.8530231976882425,3.129955855167027,0.09160971907177438
4,-3.059382548772337,-2.206018567031456,-0.014793163086648973,-2.844853485009407
5,2.366383612965311,2.943610453467119,-2.916330307801135,-2.44521503511215
6,2.947738363567053,2.2570393588398847,1.1519996464541868,-0.5524616922724027
7,3.1150155932733012,-2.028330343610591,1.6600237673922262,-0.06129225682476494
8,-1.7218726089888954,-0.21195327783101073,-0.6512377806869939,-1.4796412761103797
