pulse,alpha,beta,gamma,kappa
1,1.6097579051632904,-0.5511169672673808,-2.6858427097246436,2.5402908560545427e-05
2,-1.8191152514192188,2.743667344662112,1.729057406267773,1.1324469621680175
3,-1.2021067629609923,-2.7880018388208394,2.7160967719741533,0.2834419624560847
4,-3.0587061109669205,-2.0124797801252696,-0.5082753133829041,-1.7844607478005354
5,2.7282864834194687,2.8799635730824655,-3.0388404538611185,-2.308244697293566
6,3.06515240892243,2.287460957442609,1.5139025834223225,-0.38173785291864654
7,2.706494642480922,-1.6970304828401157,2.044241379872077,-0.27430181294065076
8,-1.3184576166495594,-0.38599555243519734,-1.0465338839160827,-1.6911690595698237
