pulse,alpha,beta,gamma,kappa
1,1.2430463676294108,-0.7288526040228891,-2.6858431024580995,-0.021577579589333425
2,-1.431422627629514,2.8938392123029724,1.3623448082913483,2.1969974219355435
3,-0.686248782603854,-2.8091655705876954,3.10378635150899,0.05903038552746392
4,-3.0778920289755125,-2.168090519018658,0.007585344979679294,-2.7535551558095754
5,2.3576863802154477,2.9386363898679306,-2.934839474990275,-2.4344692603179543
6,2.9955749102054336,2.2340314568074278,1.1433024291435367,-0.5392724781773777
7,3.1413660020077905,-2.0037362569695807,1.7078597911507611,-0.07350680083720604
8,-1.775893724525755,-0.23087661600149983,-0.6243129122397143,-1.4689002642904907
