pulse,alpha,beta,gamma,kappa
1,-0.6392723804240313,-2.533609220797734,-2.3419636058836137,5.13439793413749e-07
2,2.865834091579648,-2.2931578367903653,-0.04994869324620705,0.5029689318380529
3,2.7090570746354805,2.3146340476787186,1.067836356776017,2.464162464507556
4,-1.5727986597052088,-2.2434555843601394,2.9748145409163653,-1.735994402387554
5,-2.223096061170676,1.2635700406817076,1.1847377109990191,-0.8593701490678205
6,1.7403413297615262,1.2262967101024467,0.3369611322766771,-2.0300968812483826
7,-0.02105439740160185,0.3616820922744071,0.023754981774058152,0.0006442273289035342
8,-0.007613743958330374,-0.22436701706884807,-0.016620972651506045,-1.4574944212025116e-12
9,-0.013776993629159637,-0.18193666873352013,-0.009745751036947106,9.104942051339062e-05
