pulse,alpha,beta,gamma,kappa
1,-1.4483584786468011,2.8362487919973263,1.2168484287956154,0.0019758490344046033
2,-2.6564327443594102,1.311959576978451,0.9414198702687169,1.9938954019787414
3,-1.7340202760453074,1.944271890848244,-0.8036436221789475,2.6701745054244777
4,-0.8860064390109068,-2.814340571545199,2.5548926389811735,-0.7217070602466121
5,-3.141592653589793,2.893428218572286,2.5916145173416614,-1.1198786845880215
6,2.3407635723939704,-0.47247740229128965,1.9984055345668432,-0.33822735010347704
7,-1.5191361322314947,0.8597710196446482,2.2160941888895844,-1.5106180960041882
8,2.5014789657010694,2.8620248786564817,-0.11842389087579025,0.3361757272789811
9,-3.141545451581139,-0.32110004034407374,-2.5381590557808846,0.5511658569638777
