pulse,alpha,beta,gamma,kappa
1,1.0264154576232383,-1.9867562500503602,-0.9016448191272415,1.0769379529900287e-06
2,0.0600824204712765,0.5624039213183226,1.7726966428612214,0.2559411469154243
3,-0.21993814113300714,2.025974648716416,3.0487539269430965,-2.755217293307467
4,1.6480487560800043,1.9786713253643218,-2.87020879843829,-1.093551051505056
5,2.480197019167593,2.8770479164117084,-1.8390700940693254,-0.6553349878140653
6,1.865254604450185,-0.5705967310380219,-1.5634478707564023,-0.7772028509498011
7,-0.6436903443208983,1.1530343618212733,2.863734346031439,0.9056518272674086
8,1.9788569430948384,-1.4005186972859638,2.3897263070839716,-2.394926507932423
9,1.9143853089444132,-0.54089433171985,-0.752500783270493,1.051839111276858
