pulse,alpha,beta,gamma,kappa
1,2.2433521968937153,-1.3684181387558345,2.7329443140695115,1.5759002623992784
2,-1.8897489786644799,0.5363579303613287,-2.976823838473659,2.1494673730980667
3,2.364012158477859,-0.1786483815534111,0.4691316455173215,1.1651783941452003
4,-1.503993599958476,-3.0968593527555344,-0.7270493670520924,-1.9978351346496788
5,1.1798205068853578,1.7594547779090013,-1.2287493106002758,0.15026177916488145
6,-1.5374661338609739,-2.022210524570216,1.3356384656585913,0.20012462649851837
7,-2.8151537550787915,-3.054483293026731,-2.219619427482757,-3.141592653589793
8,-0.4979215775532076,-0.7104466541726208,-1.3935760850071226,-0.16504610486997345
