pulse,alpha,beta,gamma,kappa
1,-0.3244413161726351,0.7706021754140838,0.29004610958975774,2.892987730839939
2,-3.0612227744020606,-1.682204772668952,-2.8877817401655883,0.29310732242861726
3,0.7251592496002727,1.2115486494627359,0.07013907757690846,-0.2651615088851797
4,1.9973724313902759,0.2032268467336293,2.96597529787197,-3.079009867793551
5,2.3166209521788534,-1.6849631391343958,2.234760950989724,2.01519263465723
6,0.9458463621936027,1.0177565719861617,0.6390987364030042,-0.21560978017436622
7,-0.775495268945883,-0.7824191166428867,2.9178989831705104,1.8503616250404067
8,3.039271221369494,2.5278002365829986,0.24996583815809698,-1.6018451894767147
