pulse,alpha,beta,gamma,kappa
1,-0.005817195269508552,-2.8842440991095044,-1.6353820345025047,7.43886702535154e-06
2,-1.8134195435851144,-0.8498804537232214,-1.8310042677975014,1.8381848492399024
3,2.652955684317629,0.043152241139948116,1.6992865429046646,-0.3464070014025995
4,2.3591274305461836,-1.895732020888669,1.1662128915954526,-1.1428777554491303
5,2.0215566879181175,3.0164763496932823,2.7567275446945723,1.8379393695469632
6,1.4263526272973033,-2.7019162914191974,1.3002480547702613,-2.596606929079722
7,1.0855459006966077,1.231184700776731,-0.6775881585567047,0.8323759303882703
8,-0.4788598719646727,-2.9411469936136228,1.5642925807761279,0.45336883318250276
