pulse,alpha,beta,gamma,kappa
1,1.8824188766977812,-2.785659647917823,-0.9017186264430829,-2.832313607633787e-05
2,-1.3950847146102343,0.7429911175499399,2.6286807240632606,-0.6969025858005281
3,-0.6452671435400157,1.9066640012049008,2.6899109667116816,-0.1917225948811942
4,1.060827217746717,2.7919598954935267,-3.0562758948201565,-1.6756522098613926
5,2.767082845003218,2.4902161039110653,-2.4352648753584476,-1.9604072444558447
6,-0.1231176547768936,-0.6960207067100536,-2.379241144724696,-1.212467340441819
7,-0.4314094321576962,1.8626206822103142,0.9396144453573779,-1.2266142187834086
8,2.7240292681712517,-1.1574036553576024,2.602031579613415,-0.798000029021093
9,2.050603158032698,1.0923719288773595,-0.007331147505562565,2.4843651077513518
