pulse,alpha,beta,gamma,kappa
1,2.4460754386554937,-2.0237610868423626,-3.1240140825440026,-0.11131247109968773
2,0.7753259499993206,0.824768711692553,0.7717470972914203,-2.4031724218046167
3,0.22551453559711043,-2.4432690167257682,1.1863546905194005,1.9867112518301144
4,-1.363975970320408,0.7243847902283571,-2.0016796825562495,0.5470844658089254
5,0.11632700959592152,-1.3037655044311731,0.06552185909375914,-1.3076249723798101
6,0.32745500152614915,1.2214071997970528,-0.3814733451780231,1.280620879153054
7,-0.8181135480656606,0.9661505741699186,1.9724391058747,-2.6333556594624796
8,-0.10919839822222796,-1.8432190966028674,1.1286052548574956,2.993802299870956
