pulse,alpha,beta,gamma,kappa
1,-0.23981169643856895,0.3201299624060434,1.093367125325579,0.8712910412761986
2,1.518619523479361,1.283525916879637,2.660694838775739,0.6454821668496239
3,1.4355386200492142,0.4625689914078868,2.8644784859295833,0.434878005779751
4,3.115292388331807,2.915317543831161,0.36553926476976234,0.8979662248541637
5,-0.4339437879501544,-0.9723912392392764,-2.8978074700994947,-2.02012329257211
6,0.6111025202103221,0.49922667883730326,0.6469925107886699,0.5134385745123655
7,3.1292575789884753,1.6344262744504998,0.7612515763130597,0.4188489939202041
8,2.428516690885099,-0.8612808159814818,-1.2203784256688732,-0.24962895726988382
9,-2.9751739966983646,-3.1362380745594827,-1.5030194303574118,2.190230902674191
