pulse,alpha,beta,gamma,kappa
1,0.3198580512900586,-2.1659815498482216,0.4615474257724562,-4.189084048530509e-09
2,-3.1125228130152265,-0.1709644728724002,2.1976078367328644,1.470717457835493
3,-3.074682611313995,1.871319442814836,-1.2761640943072312,0.3293887409404556
4,1.7228055516212635,-1.0617966233576157,-2.1428406404615292,2.9181285507155854
5,-1.73786349205906,2.1807914524079504,2.49818941357797,-2.8490717528361085
6,2.0476918688401846,-1.5631293459019469,-1.0014097802941304,1.6319456131426409
7,-0.11525469128762146,0.1727836098864412,0.18126165380545445,0.2677444423380842
8,-0.04587435206482573,-0.054896701512769104,-0.05747896945843928,-1.2113238380227975e-09
