pulse,alpha,beta,gamma,kappa
1,-3.134620660973459,-3.0294359954598375,0.1531295359657816,1.0208074450860942
2,-0.7326175698116819,1.065471975073344,0.9262077364884089,-1.3398004815061135
3,1.5693309530565982,-1.9068220937535845,1.4686306742463038,0.23449094242223786
4,-1.2487086223512225,-1.0901249897806233,1.7498548189029748,-3.126469314437996
5,-2.617185584461097,2.702800528159629,2.3390216870205722,-2.285501686115992
6,1.2679590756317254,-0.6242373555404479,3.125021662867116,2.7667864848416843
7,-2.301170091013682,2.1020930109608735,-0.2583850323697555,-0.5040346877169383
8,-0.3889594244601428,-2.371963245856073,-3.0833181596173667,-0.11475102972468616
9,-1.8497286372350752,-2.883852874423102,3.1221699463358212,-2.072652756054693
