pulse,alpha,beta,gamma,kappa
1,-1.6676019515107219,-0.5387647305552423,0.5532906017798246,-0.0009466213313693556
2,-2.950837995841815,-0.420421932496354,-2.499203971081657,0.32558327954736116
3,-0.7233719839220722,2.5821412713395024,-1.388070054424107,-1.696686041373322
4,0.4737899844512435,2.9679943747162234,1.2667153545384375,1.343982031438231
5,-2.4482785443361177,-1.3427483583588355,1.843108113544564,2.5572024220654423
6,-2.411741185475563,0.7525477995767755,-1.8230886391059875,-1.1129187904527467
7,-2.8027831924217264,0.9572453086464632,1.6431713673656063,1.1427028314252528
8,0.6695232066226512,-0.640467876162195,-2.371458712624419,-0.4402421802734266
