pulse,alpha,beta,gamma,kappa
1,-2.88157972663562,-1.4470763853769222,-1.4761700821463517,-3.658985958188605e-05
2,-0.8118018884590871,1.474219761653204,-0.4874623945316073,1.5096756249314514
3,3.05053280498204,2.3451452699248545,2.538160227825564,0.5007115190610991
4,0.2649564234697647,-1.5763288506694617,-1.9114093503417364,1.2811738508132595
5,0.2909007227448486,0.934620214700459,-0.0030342048115209698,-0.47599037150392737
6,-0.1879732471208183,-0.6251324858188332,-3.0808653550408316,-0.06449428397213965
7,-3.1011525412580023,2.916832136719715,2.5242825633681862,1.8514445209503871
8,0.22309411165087362,-0.13400382068831432,-0.6070351812745065,0.08145010808512416
