pulse,alpha,beta,gamma,kappa
1,1.9275906098506306,-1.0037712080720995,0.6077572440663359,6.817431454989186e-05
2,-2.5688503685919053,-0.6369888177208767,0.6148277916260005,2.8239709086942075
3,-0.20693285543263407,-1.6563398640080964,2.6305170467384373,2.872698237839589
4,0.658155863251127,-1.1654754724210694,-2.518486701686662,1.2672713856057503
5,-0.3702946954659995,1.3367120732122195,-2.117066126638396,0.2063336658470338
6,0.5161003362545727,2.58375571882392,-1.5168177934953784,0.09342120380244431
7,-0.7714283606456398,1.8688908373800648,1.5525809725842812,1.4994477832977802
8,2.3088654692540054,1.285441442147729,-2.955936036106191,-0.19072602645683664
9,2.1131515922406248,-0.8618045285324972,-1.4603788855392996,-0.23251328257363493
