pulse,alpha,beta,gamma,kappa
1,1.886500949042567,-2.933096871338813,-0.9017211739581024,0.0021377663959543927
2,-1.1504188831496351,1.247813840138083,2.6327515094453973,-0.6943711973026859
3,-0.7935872986268284,2.492017297730714,2.934571033713189,-0.17970142631690927
4,1.1049044821738692,2.7952202775039363,-3.141592653589793,-1.6395468665030473
5,2.8266160930062054,2.530721860103296,-2.391188345522539,-1.9595284731172458
6,-0.13135037275486375,-0.7032881885796746,-2.3197058487322044,-1.2141513491561347
7,-0.43458799407432946,1.8417832860900798,0.9313782244803751,-1.234527153952105
8,2.726081429822158,-1.1578822489788527,2.598857553160192,-0.7996478108210858
9,2.037416464279557,1.0913529780330342,-0.0052895879253049135,2.4851453865309754
