pulse,alpha,beta,gamma,kappa
1,0.32536320056218904,-2.1650692911428866,0.4615343220227541,-5.6790977742362385e-06
2,-3.092451885818664,-0.19262236810392525,2.203125315997277,1.4719177103469787
3,-3.072089058214898,1.886732122814502,-1.2560724206545706,0.33807796269354456
4,1.7272466420981432,-1.056684914877158,-2.140261743843747,2.9127331911559273
5,-1.7334644057617072,2.1875461293728518,2.5026347476017454,-2.8481169022802213
6,2.0221372708019563,-1.5623192261721224,-0.9969856933070929,1.629629110786756
7,-0.09512762141129301,0.1567469780567618,0.1557121376923692,0.2605998924885062
8,-0.03525236216781186,-0.03199956118311375,-0.037396521246478236,2.479049492074269e-06
