pulse,alpha,beta,gamma,kappa
1,-0.1501631341341194,-3.141592653589793,3.1415799534947153,0.7754718372550025
2,-2.7244668825929406,1.3527311852029456,-3.0312303555590665,3.1414984522256626
3,2.0354821484447334,-0.13511186754985222,0.2108085443727662,2.3412652519307784
4,0.2515735905640013,-2.7273357988085243,-0.8038464966432328,-2.9819651143020436
5,1.7232960137705133,1.2344937530091245,-2.509103101676305,1.1074105367780598
6,-0.9102859515521645,-2.3499425574671178,2.9347069052166703,-0.9943884985503921
7,-2.7892356990851592,-3.083462727763088,-2.567926450283939,-0.82744412650922
8,-1.0860277689941138,-2.782234201154886,-2.2165247089950735,-0.29080428700498984
