pulse,alpha,beta,gamma,kappa
1,-0.9095271064243822,1.220729157706619,0.01094137944748996,3.0170556287293144
2,-3.1301143535385463,-0.8374101344950915,-2.7995546141783776,0.2009432978092001
3,0.15072621923371723,2.018845223862671,-0.04749436267498951,-0.9500222887413154
4,1.7395494302662604,-0.6270926939835054,2.1058730300744375,-2.096912106358707
5,1.761261579405524,-0.5629445403055232,2.8326668102915376,2.213353308929626
6,0.8717940452331673,0.8319356138297822,1.9453493629391567,-0.6258676045592956
7,-2.9897921957420883,-0.709366825046609,2.875108074366523,2.9472934385200102
8,3.113055956578308,2.8307202692228683,0.8638584337083256,-0.9768417685147585
