pulse,alpha,beta,gamma,kappa
1,3.12891712480861,1.0600810125106235,1.5079474819857537,0.0007642931459315517
2,3.058923756090341,0.32307007076537153,-0.43162881422334776,0.34758737371723586
3,1.2239235121387897,-2.9784354499916184,2.7284152737021197,1.7631607215981042
4,-2.4081599381126857,2.7681943597844216,3.0678799928484386,-2.0581868235956056
5,-1.961995369095492,-2.052954674910514,1.8730140601879453,-0.24969858482047816
6,-0.5790115168249866,1.2153540138179346,-0.23618213982920855,-0.004702175013405843
7,1.6989897174819018,-0.4577317989086037,-2.4117092964230586,-2.581412922840329
8,-1.3360507217882185,-2.589080067268033,-3.141475369839387,2.5422004654541874
9,2.0501272831448945,-2.573354747723842,2.9744482662041998,-1.2659021094822385
