pulse,alpha,beta,gamma,kappa
1,-0.026168390324943256,-0.5861845475679581,-3.1415925046183775,0.7244531131720717
2,-1.6786085047324568,2.7734110169030988,-0.01605916981962871,0.5683026040070914
3,0.9184941355568548,1.6731367422324792,-1.280706420953389,1.748800779642397
4,-3.1365657816658223,-1.5606754990542915,-2.442527950345135,0.13241079837117997
5,0.14198107789129452,-0.2985840604538787,-3.1365651646122754,-1.7724706909985288
6,-2.677538653275088,-1.1152832287348522,2.4437562527678516,-2.0643152521361356
7,1.6648524370097604,2.520435921911607,-2.7030720439151334,0.9575208041521586
8,0.31518663370685285,0.5809004247835466,0.2346094933413147,0.040723927730826635
9,0.4146227135021782,-1.1599263476594008,0.3148840530656899,-0.06843223232177373
