pulse,alpha,beta,gamma,kappa
1,-1.881532686574704,1.2055791022518967,-0.5161964900856999,7.841799542561199e-07
2,2.2204811416073054,-0.7025287927304239,-1.9394145310299489,-0.7969864780487229
3,-2.985483082351839,2.95668118966878,-1.718013512085876,0.4662277518413023
4,1.5154718848798077,0.506026897434995,1.364488631056554,0.4198523104146867
5,-2.075700422538613,-2.157489845011481,-2.1359130123568466,-0.3328776484692783
6,2.148807937221071,-0.29417946154034125,-0.15039164343743094,1.782900353998033
7,-0.14990810594880935,0.4079900139786755,-0.3059581760261542,0.035694943269193986
8,-0.02548190321333926,-0.0018879156250299059,-0.025516212643289522,-0.013903282740415366
9,-4.384304457113345e-06,-8.146354723062826e-07,-4.405820572892087e-06,-9.787892306340082e-06
