pulse,alpha,beta,gamma,kappa
1,1.8875836214640727,-3.141592653589793,-3.0415243032596244,-0.0032205298669458426
2,0.6925224376672601,2.2539195372205167,0.021079260530691975,-2.716509411429136
3,1.0359348090650422,-2.6199160422980485,2.9931687000179155,2.075294581874981
4,0.7985191794267259,2.365857815383794,-0.7831922791175548,-2.158351224156866
5,-1.2976831023326763,-0.6477829825609134,0.3818581147266787,0.5357984650054352
6,1.7381371574316318,-0.626242340145091,1.9132501299826248,1.883482165501601
7,-2.0717993469631586,-0.10166427523644479,3.141592653589793,-2.2837459277993037
8,1.372886794908817,0.45084287614660656,-1.919917980411231,0.9691033248499676
