pulse,alpha,beta,gamma,kappa
1,1.4220484285043828,2.1046764493261527,-1.1929180307739409,-1.753959450382905e-05
2,-1.4487717723792237,-1.6771513007945085,-0.7533155968163743,-0.6069859728604495
3,0.2314427088212968,0.28687422715091404,0.13772535202740863,-0.41846541329786546
4,-0.1975991889743549,-0.4695601321849542,1.1322104573724245,0.8130721031091408
5,-1.703433966233474,0.6625336710264155,-0.391581708075855,-0.5255845345508456
6,0.024428107926786534,-0.593025833844094,1.1152294909659108,0.10833660851454394
7,-0.06578116387675995,-0.16092916138503405,-0.0379845097818104,0.07601063757296406
8,-0.06371173893543838,-0.003655145173719822,-0.06708037545196104,0.024030578559148197
9,-0.03676598216586109,-0.10629164449646394,-0.06371893334849284,0.008682339390660217
