pulse,alpha,beta,gamma,kappa
1,2.21605692835936,-1.1235510167476421,0.6072003711982623,2.104426685785149
2,-2.62442616573883,-0.6062071202893888,0.9044080202661697,1.6693907333626576
3,-0.4201304485035526,-1.8599549923662313,2.7255069416317648,2.91911625462843
4,0.1508627870667428,-1.654228165649651,-2.733981299467877,1.695010128199387
5,-0.08720156618779651,0.7151140346587296,-2.622620784612281,0.46852876574441976
6,0.5801058266542102,2.556568471078525,-1.2308622392999635,0.2640702999411628
7,-0.4446417630739937,2.176204888644685,1.6148938189819075,1.3730388359685624
8,2.552643289594495,1.189673922033848,-2.7085542382814967,0.039566366800756626
9,2.1301688720948277,-0.5224093141879366,-1.2165926958926643,-1.5367577398357835
