pulse,alpha,beta,gamma,kappa
1,-0.11483236277307747,-0.8065019963757312,-3.141592100499771,1.1252090626896567
2,-1.7221428612545748,2.7959352002630062,-0.10471405569012195,0.6079425596756974
3,0.8712324944855491,1.5560196819100844,-1.3242336630391123,1.685894770315387
4,-2.9755460872769675,-1.6088611442446998,-2.4897921386761346,0.14969450306297347
5,-0.08462637220967771,-0.2709255135698188,-2.9195240623302836,-1.706399164248773
6,-2.582367953355471,-1.1452933177663964,2.2171551265792413,-2.145388869040734
7,1.6696629186486727,2.829544434518733,-2.6079057246620305,1.0688763525067841
8,0.2931520966882315,0.4056086778242434,0.2394202543349968,0.07251372619730735
9,0.3101935425768361,-0.6665737971093071,0.2928497279843048,-0.057568951301363094
