pulse,alpha,beta,gamma,kappa
1,-0.44289779007931107,0.08434905817000923,-0.9402919714456024,-0.018265560513526357
2,1.59285651913543,2.0002616129466713,-2.731040080226933,-0.5151146608834403
3,0.691377414020565,2.3739189629038298,2.13112796595612,-0.3681627080457107
4,0.3878254522026773,2.532873182770129,1.0751570540060096,-0.41244595210829016
5,-2.5804603206522536,-0.5920304489290602,2.6288371464112155,-2.093451718431809
6,-2.0446616186410065,-2.661175176623242,-0.027024848955016736,-0.986477999017482
7,2.770384616909611,-2.3235923285865887,1.9377928026971116,-0.16762457910675307
8,-1.5808593387164576,-2.295150012003721,2.523973599092682,-0.8515389087532853
9,2.236739234095307,1.2502692572449643,0.46581930940833877,-1.9985336591014211
