pulse,alpha,beta,gamma,kappa
1,-1.1486014983729014,-1.7749908978392628,1.9841962474041597,0.017452667510686803
2,0.1464841037327343,-2.509974496436185,-1.0141365143415126,-0.041605543459597126
3,-0.5752851205057846,-0.6775535522192482,1.2925071227100835,1.5061752322526725
4,-0.9702028593955397,-1.227730012122436,1.5085621871060337,-2.8881483413775544
5,-2.9958196570706384,0.8442971759692705,1.5609698569528507,0.03308805378338474
6,-2.720635746636911,-1.6378484510646398,2.7698807908389753,2.003750164844308
7,-0.3838801295170824,2.7882950205332904,-3.1391907712666542,-0.13813459214827256
8,2.8716675995689647,2.820507937462199,-3.0986541731840416,-1.7325302120895678
