pulse,alpha,beta,gamma,kappa
1,1.5178490337058028,2.360819624172791,-2.5578498788993285,-2.1668936548847357
2,-2.6428793682154863,3.0015002858910855,1.9595831683777178,-2.773920402047118
3,1.9490477316028003,-2.791848200234054,2.1833147554779466,2.8960264172231214
4,-2.9782355322052316,2.506934335041468,1.6850637100387578,3.0181324195704637
5,0.9363769800666953,-3.1142608822674585,-0.6736997535489658,3.125894845600929
6,1.9392200555206678,-3.0696000422323673,-0.584557480318604,-0.7081061837475812
7,1.591653060208451,-0.42212866555291384,1.2754773443060863,-2.0484327329808227
