pulse,alpha,beta,gamma,kappa
1,-0.9309726874419674,-2.6320108878515582,-0.7442231607633767,-0.014019154342932832
2,-2.5320986748802174,-0.7270622803859753,-0.8779832583267009,0.5230170862307618
3,2.1863467952100106,0.08889791473361959,3.024972344967298,1.3153423358443666
4,1.5151097305137202,-1.157833581086568,3.1087551869309364,-2.8631857996152825
5,1.2221937766805326,2.8850995023561636,3.018991562000505,-0.44226160281660937
6,1.456764435303666,-1.8396102610166607,1.6870006753025317,-1.453463629137762
7,-0.7311227811545388,2.250697987011217,0.9411735609777021,-0.4388972771997545
8,1.9845631219653537,-2.1472220901632046,0.4844511513224224,-1.3254226114337627e-05
