pulse,alpha,beta,gamma,kappa
1,1.843889493298119,2.8960785811391236,-2.5502605083274803,1.5321761539519533e-05
2,-1.3459836686219184,2.992508096591773,3.11439787723928,1.4799265595380597
3,-2.420083126198624,-2.606897454462215,2.6719001259131248,2.110518398100781
4,-3.1414759529581997,1.5379709657201057,2.6134272426950673,1.9084517820138156
5,2.2267475404689137,-3.0807032956960234,-1.0055747495848237,2.685912879290031
6,2.3081214392893536,-2.6149030095162384,-2.3630773414292885,0.8280221527717984
7,0.6598737997735015,2.9326675301059812,1.1207156749190612,0.8873209461152815
