pulse,alpha,beta,gamma,kappa
1,0.7818197684913865,-0.5079396821578154,-0.1349431954250414,-0.0006621751849775096
2,0.7939968198194826,0.8559530711686387,2.583529026180034,0.6968133404490435
3,-1.5447156975451064,0.2648704539852783,2.797312536056143,1.26301036298582
4,0.06894587886827587,-2.0184475194523097,1.6341578957301612,1.0988965576652086
5,0.4484388849266671,0.149522339554657,-0.7982098837664858,-2.0819689546162223
6,-0.7085728911183359,-1.0480676356509717,2.461295686764102,1.4342943112231719
7,-0.3057163799195064,-0.6331911846446363,0.33410273719073963,-0.03589265794946605
8,-0.22844032983178064,0.11525632660494631,-0.26848770358978097,1.7273233671827536e-05
