pulse,alpha,beta,gamma,kappa
1,2.4889710158253697,-1.053233853709737,3.0056256029541553,-1.877462369232896
2,-0.29522377767290947,0.1668921771784786,-1.8724915951855314,0.6034224470987939
3,-0.5797737349105526,-1.4772743213516732,2.6235013216961915,-2.566746381092613
4,0.6323879926806091,-1.785735141006347,-1.138703699501363,0.4827083420320923
5,-1.1199685063164426,2.7084845242612414,0.8252296645362455,-2.5610514978991787
6,2.3233811691663604,1.1806254149907789,-1.3060860072278375,2.7241803617436093
7,0.19506584278225714,-1.0845130760588544,-1.383331969436467,2.1129209960789965
8,2.52925801908431,-2.480208409915738,1.2844199290212235,-1.774773356987909
9,0.3274121874770033,1.0798142821958419,3.0609442015474424,2.3103536051868945
