pulse,alpha,beta,gamma,kappa
1,-1.5169979851377942,2.7124756360029205,3.1415725245497144,0.005043026741441901
2,2.3417645514764365,1.6588898840345385,0.8394267272456826,-1.703998698318154
3,-2.11291030642341,-0.757976453058265,2.0208317111240657,-2.840852489621465
4,-1.8028259781738116,-1.274076045133785,2.9388406127897158,-2.6681269256506477
5,1.5661317763425513,-2.264326418165097,0.8754570452345248,-1.6468964069375367
6,-1.3466571729842687,-0.4419872677183775,2.7826319072525965,-0.07396254828305207
7,0.08040695112081152,1.7802838224219315,-3.0771468667795503,-2.5833497334871747
8,0.3812701420508828,-1.6523002279240107,0.26437867718662367,0.2760901321157475
9,-2.3639826330072258,2.2013483272800456,-1.5624651365362499,0.22508229326790066
