pulse,alpha,beta,gamma,kappa
1,3.141590691369853,3.117051834095265,0.809124731578733,8.731724944451226e-07
2,-2.062104132604401,0.6392076651751711,-2.582496756756447,-2.662052594278312
3,1.7062023845696381,-0.35348383049293514,0.37976570453825265,-0.3978343514501713
4,1.0948196204428975,2.2010233539239987,1.7186333144281052,-2.923828112435732
5,-1.4870917308440257,2.9702621466039196,2.7089845239243586,-2.197302488785575
6,0.3286673123369434,2.9728421117720965,-0.9339279219512194,0.6652240251246243
7,-1.0806348210234151,-1.1292015021494097,1.9148537408125006,0.6886717006652625
8,-1.772479678272451,0.4740976915152658,-0.37393747743268374,-2.4297338876717847
9,-0.30809388975104396,1.494108646244392,2.459501751319682,-2.213291314674123
