pulse,alpha,beta,gamma,kappa
1,3.138195072871804,-1.9184191741321202,3.00563113220564,-0.0001942404856320171
2,-0.07987673765175428,0.6341056866046227,-0.829698896901295,0.14598509529181
3,-0.4216479287685801,0.04213412299158032,2.8388498937506155,-2.181924082494235
4,0.06476455499053765,-2.7073524363248453,-0.9805812788940995,-0.6186462367390797
5,-1.277800930986322,2.255113283081774,0.2575964579918809,-2.854272264758268
6,1.899409929288269,0.4708861816492404,-1.4639136473080852,1.6793838043784528
7,0.16672237302301787,-1.4834032888907875,-1.8073018652160504,2.74083982834738
8,1.8699106487485317,-2.4937812187434187,1.2560759368561654,-0.681519139102453
9,1.5721122534983722,1.5619484048080796,2.8373707758858053,2.6423438488496664
