pulse,alpha,beta,gamma,kappa
1,1.7833334317799994,-3.0540317239096924,-0.9016095436357977,-1.4266627329021704
2,-1.7073932083308307,0.668652713727565,2.529614416908707,-0.4151060781227965
3,0.07895309046045527,2.107134071449425,2.377589262612847,-0.39525323780570115
4,0.833077001633102,2.5481022529255846,-3.141592653589793,-1.5582340088153106
5,3.0265447061300805,2.217027653260366,-2.6630629566626003,-2.200834888025702
6,-0.1101251977753532,-0.657212943564007,-2.1283837593710015,-0.912088180740405
7,-0.1550920546335911,1.6555346824036725,0.9526688637078989,-1.1622051888827538
8,2.6019623473757303,-0.8755193475634937,2.875061320407941,-0.7467437274746793
9,2.0255199347918116,1.3490669283871282,-0.12937779835263624,2.5595712785334532
