pulse,alpha,beta,gamma,kappa
1,1.0358237575066087,-2.815493130967572,-2.779252847575889,-5.0922481835475725e-05
2,-0.40882562699541125,-0.8318409030920636,-1.462520543169156,1.4743534428410383
3,-1.604120512552361,-0.7866431491154864,-2.3439172006709246,-1.038434860092624
4,2.000427844924088,-0.49495641714116567,1.870229465533301,2.28128782241815
5,-2.257201728801133,-0.656157861306987,3.030039640421269,2.4001621392443573
6,-1.5006692969383955,-0.8930000298080828,-0.9470833920648581,2.4313167420685926
7,-3.0448851395994865,-0.7146279388362513,2.6014677464498552,-2.024718946192802
8,0.6692170422828587,1.4603197234368683,0.5455993090995398,-1.8753556574820889
9,1.755716905060412,1.7742568644790344,1.8494153897937895,0.608166854462319
