pulse,alpha,beta,gamma,kappa
1,2.3720066646919435,-0.9495327528830738,0.38741160954480197,1.314660671209051e-05
2,0.26854524346809594,-0.2941730221980559,-0.1978456864106761,1.1463370418385974
3,-1.5458176114313351,-1.0400952896508526,-2.412217964849115,2.2507155574416973
4,-1.0427889623260458,2.790858344084083,0.0586471475015013,1.7970227994763013
5,1.7478120465991938,1.8323416348380095,2.2906823682177997,2.8272392217685383
6,1.7371210408211413,2.5978091105193837,2.0998428701131098,1.748134362861724
7,0.04213884983759857,-0.11731890934880883,0.04458827128290637,-0.017435665043567913
8,0.03437631569683332,-0.08509483408691766,0.03653898717353665,-8.94389481857054e-07
9,0.03568135295974906,0.0986446240554156,0.03437588039150801,0.01382695397817744
