pulse,alpha,beta,gamma,kappa
1,-1.2915261944953904,2.4787275432633322,-3.0921512641956963,0.00041148821998241195
2,2.6415168569270375,1.7884896454021424,-1.507294320378932,1.9303351085678682
3,-1.496670364077402,2.596077086115156,2.641596265261679,-1.479919057749094
4,-2.428239224103282,2.7208190341388714,-2.0987786347599284,-2.5655251794460403
5,0.9178783241397551,1.5692589295132364,-0.7734790811169887,0.2077313475704801
6,-0.9484012189759978,-0.15085426825368284,1.197810470920953,0.7521169115650891
7,0.005998030581617155,-0.1989733102414479,-0.9517847086112393,-0.4794368424652038
8,-0.008311213229922,-0.2619268977439126,-0.007501054318912862,-0.1088881563726268
