pulse,alpha,beta,gamma,kappa
1,1.8982002605151043,-0.7902814362525439,-2.6858431323514877,-0.023213555912956367
2,-1.8339975317153996,2.7739801139533222,2.0174999571237255,1.553599917194643
3,-1.2340948794268656,-2.573806173849799,2.701207047706838,0.15880129888506603
4,-3.0022367740584737,-2.2904885410115154,-0.540263359407661,-2.395921286764161
5,2.4203904678692933,2.896504001702821,-3.068439341703396,-2.413630175957342
6,3.0691799021068737,2.1297957607144657,1.2060123428174951,-0.5001652440061058
7,3.0237784047045415,-2.078374283215018,1.7814744904239423,-0.07929388151386509
8,-1.5814193935457612,-0.24160738287256678,-0.7284713659909304,-1.502720693790235
