pulse,alpha,beta,gamma,kappa
1,-2.8314227489931216,-1.6893977892539969,-1.4761892929940332,2.589300038091058e-05
2,-0.7420760521271076,1.5821804351803568,-0.4373075073116729,1.6116880249491914
3,2.962522971745555,2.3021913977505,2.6078846122178,0.5939972656625463
4,0.22789965621782846,-1.6871960584870294,-1.9994266087647177,1.2889381632509747
5,-0.0018383532074933583,0.24839189286063612,-0.04009960553413536,-0.29274458292268035
6,-0.04138705841454801,-1.369046344610639,-2.935421010899192,-0.18921503402949658
7,-3.0814659385911516,3.056750473324541,2.6708717174884975,1.895798912780957
8,0.1611705779846843,0.03171075602059859,-0.6733301946524506,0.032479951364022104
