pulse,alpha,beta,gamma,kappa
1,-1.0965839728207605,-1.8715185822667133,-0.9435472389769781,-0.00047210726159022836
2,2.2107487822787815,0.19022105382753626,-2.4734577979146715,-1.6272796209296163
3,0.19335930981332283,1.0031046034149678,0.20573617321757595,-0.3843106934092075
4,-1.3890394255250127,0.6170528147234228,-2.6546039065576843,0.08243325781058904
5,3.1387840767119024,-0.5956707311004434,1.7969865128942917,-0.07242464023055128
6,-0.25214571383596507,0.964254033508977,-0.36028247378998934,1.200863325401721
7,-2.1805236671506627,-2.961628460138457,2.8027802035033953,0.7913246561362854
8,1.3454830116883245,-1.6333128305350781,-0.6410756515011277,0.09956510542707399
9,-1.9524352361244375,-0.4751259041807111,-2.7159269322149653,2.1988985059560906
