pulse,alpha,beta,gamma,kappa
1,1.9210852473403623,-1.7026189938332215,1.100456222543507,-0.00011020230833684922
2,0.27256075740102986,1.3192973284813863,0.16816383960848205,-1.4883515269707854
3,-2.3179687434094047,-1.9623227482019725,0.2946707166820793,-0.007307371845457186
4,0.7829744631304921,-0.9435827754020144,2.32923817396509,-0.6025635580902191
5,1.8014127181065551,-2.6168835652254554,1.8212113106266843,-1.2323662345633584
6,-2.2667579384262053,-1.2223583493160728,-1.657775658294943,0.8633486036322726
7,2.8946365761236166,2.1688666234157314,-1.9975424365145316,0.22416784606219017
8,-2.3884574677679744,-1.8723552265159331,1.4726710792004334,0.64200179483069
