pulse,alpha,beta,gamma,kappa
1,0.41851191829234174,1.2476259401345173,0.56915877598512,-4.684609665898137e-05
2,-3.009457784726202,-0.47803303202761666,-3.09844917386256,-0.07033533268159431
3,1.595442377615156,1.7376256170715274,-0.768745098583393,0.19432042826896004
4,1.9352282486119883,1.3451763696107661,2.7365308257551932,-2.5668773279960333
5,2.9641820964297456,-2.616460735800988,1.3168921755534535,0.11413986430826906
6,0.49209600945535287,1.534572980023788,-0.30219299688015505,-0.10555550561433828
7,1.6963719588096906,-0.6685657695874637,2.432881943906459,1.1731276757404054
8,3.141592653589793,1.585043239124375,-0.10634805156351666,-2.219508899147522
