pulse,alpha,beta,gamma,kappa
1,-0.3434198219842443,2.606597481911316,1.198423123133137,-1.3942514898624176
2,3.1403372429045757,2.8704014918481726,-2.8388230857472427,0.8912582928304439
3,2.8392851389687888,-2.237517571353653,0.21480328873948287,-3.1414267463161294
4,-2.2581151110359245,1.1240458023176272,0.5153231307402433,1.5977021156515347
5,-1.5478598105754815,-2.8374389858645754,-2.0440580488598523,-0.3535570788208802
6,-2.7455101084364606,2.114860086842367,-2.982986864223541,0.18817825988769935
7,3.085317370119166,1.3722355725592652,-2.952493058602707,3.086345243253635
8,-1.295463033394985,-0.8641702022779978,-0.7778475945953007,-2.2607552117056087
9,0.7217016414404674,-0.9186253372641767,-1.7456811784544821,1.9340605486814864
