pulse,alpha,beta,gamma,kappa
1,0.7813129729633445,0.3465211313653079,1.8795369818177166,0.0009051847557725591
2,-1.2288957170338306,-2.788812525925699,2.292663099314007,-0.0028104287947882593
3,-0.8324473427045039,1.9828475804777457,-1.9677810205893869,-1.0311390195583092
4,1.214682691307957,-1.4790029887938518,-1.6993855206061443,0.534374347741093
5,-1.0181506361731385,-1.0329633690845073,2.1780091667715475,0.03874039006116153
6,0.670755059944841,-2.1642647210694266,0.35480366294556204,2.0595471477409983
7,-0.8789360360244856,-0.5597937363301074,-2.189280812119094,0.6153420131795366
8,-2.6991452468939654,-2.424894399647155,2.273736257738711,-2.4254140146091103
9,2.7466349763744096,1.7686819690842859,-1.1873216085514193,2.6581121821629448
