pulse,alpha,beta,gamma,kappa
1,1.5209607957181377,2.0303988449463026,-1.1928308902600966,-0.00041816303787232777
2,-1.608555528298719,-1.711123296913175,-0.6544031747998595,-0.6231104532320006
3,0.3742851825537823,0.278069332096455,-0.02197852729596155,-0.42558817273109534
4,0.07408675766835916,-0.35847162909450037,1.2750558622160413,0.8329968631637785
5,-2.000100026189769,0.3645786978141027,-0.11985614844914068,-0.5819276175529129
6,0.025214738919596587,-0.4443012632157579,0.8185186349766953,0.18302207603452902
7,-0.03956157936404404,-0.028694368054405704,-0.037240099154892,0.014213904381588675
8,-0.03736977033645166,-0.0015381044491418572,-0.04089610973571286,0.0003822042731255863
9,-0.03309788580454489,0.011942227890253303,-0.037370844008177306,0.00047075096266476196
