pulse,alpha,beta,gamma,kappa
1,-1.2240547807844868,1.954150141997827,0.01104825968106775,-0.0002721737940138479
2,-2.551718492319322,-2.9699110783370957,-2.8572415805653515,-1.1330136693504567
3,-0.5193579895899839,2.8807736445269705,0.5557747863894099,-1.2301626430591535
4,1.0545693736657693,-0.8983237932583878,1.4356811566791199,-0.3229228715685265
5,1.2730804972143746,-2.258228402385594,2.211420538954491,2.5200718301070055
6,1.8660831999911296,0.9778473694399525,1.4570680914836296,0.023143694706057986
7,-3.039816481584546,-0.9361638919099675,3.0917022638223757,2.8875545908864253
8,3.088425957525023,0.8852456755647269,0.5436125372221446,0.6607792195835003
