pulse,alpha,beta,gamma,kappa
1,-1.1660262549015326,1.633152995363641,0.010942129724333404,2.3382544544770574
2,-2.7553229502184418,-2.980350524380879,-2.7993248958235433,-1.0842431334621883
3,-0.674269368021416,2.38730439512409,0.3518583189548032,-1.6706026101617437
4,0.4783473926032977,-0.36227245823432114,1.2808748141346846,-0.29542224356627966
5,1.1868671040436698,-2.2174518449947844,1.6350947167740448,2.8830378839698385
6,1.3119064874866826,0.7663016232109071,1.3709598403986616,-0.002697314864563893
7,-3.1093329682348516,-0.7768805604303517,3.0696271861048583,2.7770060372592935
8,3.03660585434343,0.7150596619604969,0.48133009864069703,0.7102049768607032
