pulse,alpha,beta,gamma,kappa
1,-0.05141597331734327,0.1652038204210118,1.0932888718171871,-6.5320208395035795e-09
2,1.590441663132136,1.6008065938685316,2.849009575036662,-1.8904003158875748e-10
3,1.4807582307783447,0.4422364702528205,2.936203478111056,0.45421221125736244
4,3.1403089965459814,2.9437072395791475,0.41071635898307235,0.8909526185629304
5,-0.43880577441480056,-0.9738009795786204,-2.8726008703420916,-2.079447871906884
6,0.6380237955060513,0.49480616173814573,0.6422031157738908,0.5260192898071632
7,3.0911772593496534,1.639450561777665,0.7881268980332965,0.41026731180403003
8,2.452619586156752,-0.9482235606333147,-1.2585757714023644,-0.23973907927908794
9,-3.0037918995479704,-3.141592653589793,-1.4789147434264471,2.1782845890512874
