pulse,alpha,beta,gamma,kappa
1,-0.8373419730869457,1.5369248511381712,3.1415784904702706,-5.750133530721351e-07
2,-3.0358695023228224,-0.755605672419139,-0.8879064784302313,-1.1189910060018942
3,-1.1180046968647792,-1.7782880587301952,-0.837030621517484,-1.968119591000397
4,-0.09630867555382529,-2.67768581206836,-0.3871084019789106,-2.98974564776655
5,0.9691350208130802,-0.21828178238636922,0.29851119488167555,1.9671331422557412
6,0.1455380114827131,-1.14443171436881,0.4526380805892456,0.05964816463942062
7,0.012309248382559496,0.008445537070012903,-0.16387145124341512,-0.12225234664384708
