pulse,alpha,beta,gamma,kappa
1,-2.379281672125902,-1.6978073407379004,-1.4761529697074878,2.8016978787406526
2,-0.7403273942003652,1.6898054139806546,0.014795300350330753,1.9571954073572067
3,2.8746263278630173,2.1701488548524055,2.609665634680087,0.6696424824681627
4,0.16955242779725993,-1.5951010381103015,-2.0872928094778676,1.1640533167803475
5,1.3202685696759915,1.674187524474807,-0.09845540766607162,-0.6146229260187704
6,-0.725884542759808,-0.14918575627410696,-2.129832035983815,-1.1418944569986933
7,-2.7127068217640975,3.0869406074047854,1.9863525922793448,3.0907490837536065
8,0.035970806833935935,-0.08096282257154894,0.017385157214153072,-0.014321569040183698
