pulse,alpha,beta,gamma,kappa
1,-2.19739058230825,-1.565260795797532,3.1415562930875596,1.7082273605255918
2,-2.73722404876385,-1.7413623468193986,-3.1123791808780545,0.674237984767396
3,1.7177355844121516,-1.215378979235997,3.1322408716586785,0.6599198627065528
4,-1.5862057433967156,2.827530731120243,-2.4069292620184743,1.7642298144767141
5,-0.8008873299377688,-0.25352688289005015,-2.573386739706163,-0.6554688596834441
6,1.0698700836335453,2.7030210634403473,-1.2898129418000477,-1.9604466065647683
7,-1.610170136704124,-1.166355237722984,3.130746668450302,2.8503322889892435
8,2.375868973086857,-2.3488273903683914,-2.2877937661824204,1.1485439892900569
9,-0.1671411485748897,0.5582390362079648,2.998516755348141,1.6177558287745581
