pulse,alpha,beta,gamma,kappa
1,-1.8122561024846124,-0.2137653376172625,2.4403816466563137,-0.00030894872446972116
2,-0.7454250848056486,-2.6178373251991744,-1.40558454505121,-0.6391483969361939
3,-1.8449092358186745,0.7722028461445676,-0.9359847660668571,-0.8342656527479293
4,2.4429445312954097,-0.0852451273116152,-2.264328747428206,-2.654962576501065
5,3.01517344597483,-1.6950332142494469,2.4429498267258967,-3.141592653589793
6,-3.058877517943342,-1.3407783701915763,2.327040682082716,0.5900709492542687
7,1.5750782502027982,-2.2354754626005735,-2.9948605473813785,2.9022580753188616
8,-0.9808598548377508,-0.18757055799970968,0.7085482472373977,0.35682232354641097
