pulse,alpha,beta,gamma,kappa
1,-3.069738659478399,-3.1369069827635943,0.1531252710041191,2.1944556066716902e-05
2,-0.9559759906580302,1.0110411711720246,0.9911011853318701,-1.824935672702902
3,2.3937267698174733,-0.9861698378025424,1.2452765966684503,0.05676132254860405
4,-1.0011236054978672,-0.4448802349996721,2.5742484122575306,-2.8950731447957767
5,-1.1000249872317713,2.63167749527415,2.586606763555113,-2.2229845194733944
6,1.0073553991798392,-0.7498864945027104,3.113650160725154,2.5882084041273736
7,-2.4050519868494815,1.6689561247793623,-0.5190014056707312,-0.4480458361159788
8,-0.44971186480202424,-1.9118594137963847,-3.1374760046038896,-0.08648512621196276
9,-1.641754797770833,-2.868578615957436,3.0614207422602977,-2.1253427587512634
