pulse,alpha,beta,gamma,kappa
1,2.1361529842760727,1.2848581266399635,0.6821111588615645,-8.316689205788762e-08
2,0.41060470536683064,2.626381266065243,1.3507010113989033,-2.109019996205446
3,0.0017031368915197574,0.4720600497850343,1.666308843970937,0.45353385006080277
4,-0.1856846036368684,-0.6018916235440029,0.6475044145017684,-0.4603632323581888
5,0.10375643951107709,0.7531083603455359,0.543417958615437,0.07853324257504588
6,-0.7986558945729423,-0.41969337723637257,0.3134365901115989,-0.19336198787275766
7,-0.01969572915519274,-0.018609997302915966,-0.01887722156796222,-0.031787118106988525
8,-0.006513989614815578,-0.013507994524354888,-0.006251041907236426,-1.4166643052454379e-08
9,-0.006682419773481563,-0.013775081462052259,-0.006417071289443635,-2.07771421394922e-08
