pulse,alpha,beta,gamma,kappa
1,1.8344480157081247,-2.7287380000103365,-0.9017145810132549,-0.011979411820067249
2,-1.649643633797716,0.5393421927185377,2.580700154752475,-0.7593527284933799
3,-0.6495132704832807,1.6498971330992631,2.435352738322963,-0.21334349188975404
4,1.1164880511329316,2.7978483233344384,-3.1412746341690103,-1.475315253291302
5,2.6661088960512354,2.4312867263778255,-2.3796040990162273,-2.00948666393433
6,-0.0613631317491861,-0.7071757881504874,-2.480215457017694,-1.2212590413624527
7,-0.3785049853029242,1.8733688714511612,1.0013740193586183,-1.2504660524220212
8,2.773834927546052,-0.9816998140351731,2.6549339499561824,-0.8097815801263094
9,1.9742820576352917,1.0623703420658226,0.04247277729366985,2.540855279597551
