pulse,alpha,beta,gamma,kappa
1,2.797271574322032,1.695412524200779,1.297279614491021,-4.915456773103711e-06
2,-2.2902023262039197,0.8401716901999572,0.7314391915608925,2.4942269158904633
3,-0.5191502274199994,1.279261564164921,0.49032416838473764,0.5891597910972924
4,-1.2795804741629784,0.869113322628386,1.6181318068234505,-0.3768632401849632
5,-1.57250203695669,1.7157974241723102,0.01039406050715443,-0.165666648655169
6,0.694021394735061,1.3369660913358845,-0.6061453069475203,-0.08902666269089779
7,0.4083884367093436,0.37697031107665463,-0.1897586513730009,-0.09134607724427743
