pulse,alpha,beta,gamma,kappa
1,-0.1378267524108174,-3.1415838291492504,3.141585666342183,8.322611235048223e-06
2,-3.1389488877079845,1.3222644593826347,-3.0188880632180184,3.092455635798167
3,3.0646928310799813,-0.11120306138392205,-1.0135983182614383,1.774452992162106
4,0.5146801797976673,-2.7324711591662063,0.22535415550218016,-2.3121999923562
5,1.7683035735397536,1.247001667569173,-2.246011534389223,0.9693655669941416
6,-0.7284307564772935,-2.3173709839839094,2.979711266695441,-1.0134639493997024
7,-2.1405460753311645,-2.4354305149843913,-2.3860606825635107,-1.0532275107033684
8,0.11272313181099018,-2.3215484848988104,-1.5678467933056917,-0.0780683841024421
