pulse,alpha,beta,gamma,kappa
1,1.7275171998371626,2.507255332180583,-2.557829040732844,-1.7419576743400298
2,-2.5670948948106243,3.0346301141617578,2.1692387293765476,-2.81953405790728
3,2.039698098850026,-3.1251100843192217,2.2590972597295225,3.141592653589793
4,-3.141592653589793,2.017846031691368,1.775726245219115,2.945700673374645
5,0.9623265523282504,-3.0647319715979804,-0.8390860861982363,2.6713343122759574
6,1.9718051363376863,-3.102637684248014,-0.558619312075935,-0.46306739707591255
7,1.5846619316034358,-0.4209250824930029,1.3080617170735138,-1.8935259469262842
