pulse,alpha,beta,gamma,kappa
1,1.6989521575308995,-2.359885727077691,-0.9016205725468331,-1.3521339872272953
2,-0.7662090647964894,0.5874174881824071,2.4452366995723853,0.5087070248320392
3,-0.3541771522269462,1.8682858436193344,3.134299046110155,-2.8523639402689134
4,2.1983026947087243,2.1429710186855977,-3.064279326654329,-1.1135415745983064
5,3.1009445654944594,3.1308224624570147,-1.288822796463899,-1.5709493099152225
6,1.710238747563451,-0.6409438507086873,-0.9747803974158434,0.004753278923918521
7,-0.6490220682528253,0.9115628554771292,2.708742253462848,0.9190225992741601
8,1.526301932273473,-1.4648941283998356,2.384413358958901,-2.4613259762234874
9,1.914372322252811,-0.28233320877439855,-1.2050558607523019,0.8369340653487851
