pulse,alpha,beta,gamma,kappa
1,2.646520635361404,-0.8591754842123275,0.6071873514710534,0.7455355601804011
2,-2.4276667567111576,-0.39176936964987297,1.3349029740060554,2.5750000577986487
3,-0.14942719314353808,-1.923315775259078,2.7699873745952925,3.0043950625152247
4,0.24878705778042168,-1.3948401694271457,-2.4632719050739977,1.3554395030427888
5,-0.32970192372645185,0.8693217885908643,-2.524710621198519,0.22681270944817433
6,0.2994996139700785,2.4807472373446395,-1.4733597124501403,0.18448344246050774
7,-0.858312954946335,2.0930232804232913,1.334261479672028,1.7803440429903787
8,2.35930125754797,1.5806940784665031,-3.0422509082808533,-0.16973649720213246
9,1.8512169581761402,-0.8813159679959621,-1.409941217776185,-0.2515276440090477
