pulse,alpha,beta,gamma,kappa
1,0.03474819731261042,0.8757128924717016,0.2900537354700004,8.892920378276791e-05
2,-2.9497656416045572,-2.0948804080751664,-2.5286012276891214,0.24367094422281627
3,1.3382934667008255,0.8924755638938122,-0.3521479937565196,-0.31023784998379045
4,1.6540861531212174,0.10116389231107374,3.0395231917381538,-0.9983947013453951
5,2.3066004609974446,-1.659600889365871,1.891475084831989,-0.06309048572286065
6,0.8963701537737702,0.979937015628681,0.6290781002630607,-0.23068496186021853
7,-0.7710147612106363,-0.8095439168824953,2.8684186199495585,1.8597438315715804
8,3.1327545353053208,2.494413173219272,0.2544528467345005,-1.6130188463565767
