pulse,alpha,beta,gamma,kappa
1,0.9405688767241495,-2.2270900922142043,0.46164297780159586,0.004874969842046157
2,-3.1371769153541686,-0.4938327101033081,2.8181826078445704,1.798495394383579
3,-2.946687846560279,2.1037339294914816,-2.0097234628938176,0.09008003170377894
4,1.6820225294854398,-1.0711593891166802,-2.0150142099153796,2.9231632227367124
5,-1.7826155853229,2.2481711657076078,2.4577763732896343,-2.8370889778353354
6,1.8916366797621227,-1.677700564471287,-1.0462840026377567,1.6376871823859365
7,0.007022810197523436,0.06334172283030048,0.024942632229902343,0.23166129036807603
8,-0.07265599007907653,0.19216681147004033,0.0647387068548923,0.026621821800356157
