pulse,alpha,beta,gamma,kappa
1,1.8700922959820896,-3.027790483872739,-0.9016195784252714,0.0007875186876640764
2,-1.7995631976226152,0.6410988528441272,2.616379667946859,-1.0037151084026428
3,-0.7881099383141644,2.8224633905107126,2.285424161528417,-0.3881829854398683
4,0.5615588957904571,2.800889291755132,-3.1104186126470044,-1.4637006797966057
5,3.00290191102339,2.3668662260606,-2.93455413400954,-1.9720134614415585
6,0.10557957521291848,-0.11075451573409746,-2.152015616397966,-0.987260137800065
7,-0.04507853281749453,1.9447263549633522,1.1683808181566873,-0.806641207473413
8,2.4197465169512253,-1.2170800732550484,2.985066191340048,-0.5538302556977979
9,2.012942817664743,1.4007510174732696,-0.31160267514316126,2.350490016434994
