pulse,alpha,beta,gamma,kappa
1,-0.1393617232620213,-3.128995442330599,3.141588559356576,1.3702380700349755e-06
2,-3.1233116940826684,1.4194858284845404,-3.020422541913198,3.0828335258502437
3,3.069067195510122,-0.130839786679054,-0.9937265010675446,1.7665827617690435
4,0.5154670315999831,-2.765793229110917,0.22973127708555682,-2.328383043744472
5,1.7853774645991198,1.2471272025815665,-2.245205650857833,0.9821861896108393
6,-0.7509868320435235,-2.332751149105801,2.9968010353395353,-0.9895393069351415
7,-2.3477171072556247,-2.8277959030559416,-2.4086352691969464,-0.9763553686511109
8,-0.3497489758664011,-2.673911095672014,-1.775016414669318,-0.12079144817458642
