pulse,alpha,beta,gamma,kappa
1,0.3702411842848123,-3.1362875229668754,3.141589306870113,-0.0010913701687211537
2,0.6636807539541358,1.501779480484866,2.804126315666677,-1.794878527611177
3,1.8504169097391385,-0.7253894673603495,1.1226703634271096,0.1720457091340635
4,-2.7345556221312117,2.882291481072477,1.1569542763174847,-1.3996131513430103
5,1.0093101815517855,-0.46871508219554553,-2.7137744622909383,-3.141592653589793
6,-2.5807429596856033,-1.1736937618754528,2.697578670674341,2.859392880886339
7,0.42381764644235365,0.7873106667226755,-1.828708755091227,-0.7976697297841222
8,-0.42664228575862945,-2.1128262357426477,0.19453745956146498,0.6732545945680524
