pulse,alpha,beta,gamma,kappa
1,-0.36995914341611996,-2.559268604587427,-2.34195475233305,-0.011803952213083618
2,2.943270354685869,-2.298003701715026,0.21934926997118476,0.5780173783909474
3,2.7176664626968132,2.3171653283197537,1.145263567885265,2.43027004951723
4,-1.5522293372295861,-2.2548278528796426,2.983426841831796,-1.7493035679143794
5,-2.2510017891685563,1.2406898577844563,1.2053044955806593,-0.8707137518324813
6,1.7070988410834522,1.2183857363088715,0.3090519432646052,-2.034647770064712
7,0.0002912679419522521,0.33427790360247117,-0.009469557495261802,0.0433666603276779
8,0.01185324715548037,-0.19195657569672012,0.0047234589370326605,0.00988865085094386
9,0.010923731654031838,-0.15316224268565168,0.00972577816776594,-0.0556890214146845
