pulse,alpha,beta,gamma,kappa
1,3.1109563328200553,-1.6839146310244546,3.1415926431812187,-3.0576708526170115
2,0.31404274633530377,0.5478290248662259,0.07081439817401218,-1.0383833776582423
3,0.14733333934265955,0.07024998831330388,1.2475275819031069,-1.7412804226312262
4,-2.6496862562146437,-2.902650116914885,-1.7627798748370327,-2.3337564826590063
5,0.8173851470494686,2.3106955971000738,2.9294706736602696,-0.6798503283183512
6,-2.352164554413759,-2.343669087803202,0.6064821256196128,1.646042413917848
7,-1.865148149178532,-2.0957790807334797,-1.1958304492619551,-2.1241107781333843
8,-0.032620602851694415,2.0632202100783497,1.090852240861975,-0.09998026757499227
