pulse,alpha,beta,gamma,kappa
1,0.07471076024356556,-2.4289379408804463,-1.6354991678905457,2.232163948319488
2,-1.3778738379317734,0.16049810774293408,-1.750095653675792,1.690849696594295
3,3.1313799469044743,-0.10390810970296115,2.1367123557837466,0.04754327281776794
4,1.4350264912389639,-1.7200093425263727,1.7937229961365968,-2.744671801878985
5,0.8982611674925104,2.255842805745976,1.8323968809407936,1.9547218418933314
6,2.257133164467489,0.2244571635387646,0.17734594987866256,-1.7430768716366125
7,1.2948017896658592,2.8674715291257065,0.1524883575212216,2.3079904753428093
8,1.0826664405810822,-2.8854224614950543,1.773474625629474,0.812622656996346
