pulse,alpha,beta,gamma,kappa
1,1.7873267726858797,-3.01428378857205,-0.9016253805920903,-0.0075816179136722365
2,-1.476060264779617,0.8136801239071967,2.5336066728065436,-0.41947825259248206
3,-0.3151764327336171,2.2418210516786194,2.6089221500829884,-0.2257420372725396
4,0.7618555219329778,2.6536287855464686,-2.9501009479448213,-1.3798150315572242
5,2.8011987045396993,2.262758020809592,-2.7342653944695656,-2.05257856386929
6,0.13553152917418781,-0.3905024425470592,-2.3537214275636127,-0.9713253115931765
7,-0.011135690113073575,1.8089354556709671,1.198326294608331,-0.9838520333485236
8,2.394583936322551,-0.9981950753455072,3.0190056926645847,-0.6286985279402528
9,2.0237702997963756,1.3860755397338915,-0.33675972470804744,2.511575570237339
