pulse,alpha,beta,gamma,kappa
1,3.083221579338946,-1.7660922663641345,3.1415897001733932,-2.4433961897541576
2,0.248441610985781,0.5572110841657943,0.09135796466997277,-1.081266152952838
3,0.0009852885711618136,0.2108323349630317,1.1819122437613416,-1.8573953307831914
4,-2.9138320618223106,-2.8198364976361288,-1.9091399292546551,-2.0400563918230903
5,0.6419452065047145,2.3101817513335634,2.6653451609953205,-0.8031857220994795
6,-2.5552828870874835,-2.458504840570206,0.43103537642696715,1.6533405073246434
7,-1.9177596106619645,-1.9794640286438827,-1.3989523727988318,-2.1805744954366304
8,0.34957454553199374,1.9905214678636107,1.0382353970817453,-0.11713447457963186
