pulse,alpha,beta,gamma,kappa
1,1.1919516423933942,2.1980613653123062,-1.628694126336827,-0.0001267049518132094
2,-1.6456961158491175,-2.214302334378354,-1.91411444945916,-0.3234447300486857
3,-0.9077375635634644,-1.0338275449024508,1.2399261468551328,1.70064727500933
4,-1.3300900396066753,2.6893310600181364,-0.7168464892470607,0.23923119013909175
5,-0.141615410851485,2.2592046592498294,2.3212501709266578,1.3933493906562462
6,-2.7506115105244673,1.5770609724345621,3.085191120003855,1.0688025079965127
7,-1.5370403793349954,-1.4805030584699062,1.529168372288292,-0.540620715700518
8,2.6141692560841086,1.1023330722398472,0.9025371485713731,0.1417347323952469
