pulse,alpha,beta,gamma,kappa
1,2.213211995342535,-0.9879128487397392,0.38740000266420016,2.754445279574446e-07
2,0.4606732270866256,-0.4065076953836587,-0.35663715882633595,1.1709970818894284
3,-1.7107416601055825,-0.9916493921259013,-2.2200874574098672,2.2174412310918465
4,-1.1700716197422976,2.718129706021782,-0.10625829517719021,1.8241077891743238
5,1.6924695023218814,1.8545391913716252,2.1634108824234133,2.835020055435481
6,1.6981250697107246,2.6344391858276954,2.044500184669342,1.81419460726253
7,0.005609165946154317,-0.012598662331606406,0.0055915263912061156,-0.0018672809875399485
8,-3.367590651428747e-13,-2.2958382594007936e-13,-3.367590651428747e-13,-3.074350543410356e-12
9,-1.9753960372016863e-16,-1.3477298769940537e-16,-1.9753960372016863e-16,-1.800955822626215e-15
