pulse,alpha,beta,gamma,kappa
1,0.3587356203418343,-3.0611409276732675,3.141590573954256,3.624485669517915e-05
2,1.0572720187273725,0.8402751727246963,2.7926248825218045,-1.698924554153013
3,1.434394461171686,-2.046155958747673,1.5162565471996565,0.43478407071522174
4,-3.051130448106299,2.8237068833680103,0.7409431524188593,-1.2119253141831596
5,1.2475289107986232,-0.5252141576943404,-3.051130433558293,-2.9260704568739784
6,-2.733277974411609,-1.1690308464313837,2.9357935793663477,2.6875844091180836
7,0.5312802976018787,0.7764427480385057,-1.9812383673089913,-0.8091239038764861
8,-0.39245447411921214,-2.1611069614105043,0.3020122635753013,0.6403310659203064
