pulse,alpha,beta,gamma,kappa
1,-2.144376046478669,-1.6331166931355048,3.1415582342060238,2.422763240185132
2,-2.798479994052939,-1.8407243506218,-3.1270943490910885,0.6932215107816706
3,1.9528964605703376,-1.2180009818160102,3.0709851893543507,0.6674511142345677
4,-1.65437282556912,2.976321078614438,-2.1717690527472784,1.9101796717181032
5,-0.7131296621214,-0.10937358696650797,-2.6415588630971882,-0.9419017427724822
6,1.0511986587133908,2.9141761410127662,-1.2020582915385076,-1.702762238063104
7,-1.7524209381773268,-1.164725695887111,3.1120709309800896,2.7655934128478483
8,2.286515817127447,-2.373597625432157,-2.4300465128691773,1.132773852871211
9,-0.14772917565610866,0.3529856603279412,2.909162870640994,1.6497763093582725
