pulse,alpha,beta,gamma,kappa
1,-2.141085051940516,0.5466080936377431,-0.3245911389807774,0.23275774156399612
2,-1.220765440701672,0.6169424543362064,-2.711179012949602,0.3204225827184479
3,-1.4630151448718132,-1.4303240531881538,3.015167451851133,2.347739613328624
4,1.2863810645012905,0.32033545288544485,-2.8963052682349675,-0.9430237922543754
5,1.0149775393728897,1.2536720998645754,-2.2832813807016685,1.2280952754752272
6,-3.141592653589793,2.522451197975159,1.3566931894934886,1.8204829648497878
7,1.4786043392531758,1.3962565960055564,-3.141592653589793,1.3942681781876956
8,-2.5079496191634707,1.946834557159731,-2.1477700099590544,-0.17760543946296378
9,0.17540382813007127,-1.683543664479701,1.4644455852582938,-0.26973713135208593
