pulse,alpha,beta,gamma,kappa
1,-1.5196929031471569,-0.5224132878197408,2.4403747087972656,1.8621296278564528
2,-1.1348905321530267,-2.4342259171754543,-1.113046841573858,-0.7501694188821788
3,-1.6715667147608642,0.9621907442341339,-1.3254689331324176,-1.0411006039398443
4,1.4965594081916624,-0.29651468941305026,-2.3606731363344404,-2.797091725779886
5,3.1033951006464,-1.9377636594108705,3.091823795706039,-3.055876220172235
6,-3.0627166373242707,-1.4889089748669715,2.1896806955919197,0.5999115761764413
7,1.1171253032359194,-2.1899159328878475,-2.998682648627577,2.9189184473083656
8,-0.17134530691451236,-0.06749060296188605,0.2505957163911086,0.3174633585727254
