pulse,alpha,beta,gamma,kappa
1,-2.782046742996403,0.2903171465826479,-2.6914457876521163,-0.0004471950001966087
2,-1.7782167001618812,-2.8882655107329467,-1.4508730117631132,-0.6747109192125549
3,0.46773784071051544,0.6900781678845894,1.1283675647356781,-2.9493172957765594
4,-0.34479677663593067,-2.762020277811961,-1.602645861629981,2.262151133986218
5,-2.155675805458642,-2.0943494778354914,1.847251110861501,-2.6427783015833124
6,-1.0870707075994512,-1.2008861774927442,-0.21055928184448436,2.0965001890856794
7,1.7933989818596199,-2.8813736164297836,2.133057543568582,0.5936793723573756
8,-3.0989722124042864,-1.9067322887904494,1.5383009022068048,-1.7459314122810083
