pulse,alpha,beta,gamma,kappa
1,3.0799908201466613,-2.281956361050903,3.005632123282708,0.03647926371946349
2,0.07137113526037761,0.5399626859210129,-0.34144754422199136,-0.05883757535265857
3,-0.2804072145105346,-0.5354926621757437,2.9901034173092786,-2.763986530785851
4,0.12575845146596018,-2.4708081783731,-0.8393425013847086,0.1994826885136363
5,-1.5101141981826012,2.1485828989479203,0.3185891048113897,-3.0292008645242294
6,2.225036739265576,0.39159329507898716,-1.6962257515024657,1.644529423218197
7,0.10111310394749398,-1.5719431766867666,-1.4816770064549019,2.808529011823872
8,1.9080256791241497,-2.4981016389890986,1.1904733670101826,-0.7038344970943935
9,1.5788189920009028,1.5821262906118314,2.8754870201286593,2.641730643041042
