pulse,alpha,beta,gamma,kappa
1,3.025214934472897,-2.6102553863505866,-0.1916597636484771,0.016711721227733324
2,-0.8803082133569049,-0.9036721845166622,2.2361474909081984,1.8060716233129348
3,-1.3184225670256706,2.9624390214241,3.1163897729531005,-0.971595623227924
4,0.46244315159245275,3.104398113651664,-2.949714999674497,-0.14026381277303762
5,2.957488685003175,-0.6304178082368327,-2.6238592160527032,-2.768218487117989
6,1.8928634339977453,-1.602531774086276,-1.6511010751367663,-2.1771943088352983
7,2.6377048011150324,0.7860585660833719,1.021796684663513,1.4524116178938757
8,1.7298129269855589,-2.569232578656444,2.595800662837065,-1.8253344666656066
9,1.5110885906631537,2.144717528218149,-1.4079913033002793,0.09943060268795129
