pulse,alpha,beta,gamma,kappa
1,0.32040028622199757,-2.1641181199370916,0.46154733342553733,-5.629096226137327e-09
2,-3.1142249972963265,-0.17178491333362406,2.1981501970640607,1.4677595095051035
3,-3.074665386073926,1.870025921612919,-1.2778662797370328,0.33133623873645923
4,1.7232360671229374,-1.0591124890551284,-2.142823694088923,2.917499507219497
5,-1.7370673987977368,2.1811175088754093,2.4986204097636175,-2.848838597629584
6,2.047947850540177,-1.5608227431756074,-1.000613554409954,1.6310380123756183
7,-0.11430830669567774,0.17128295895179835,0.18151786603367087,0.26790842158599176
8,-0.04516056751135798,-0.055703139685037525,-0.056532920959567697,3.0926664816287578e-09
