pulse,alpha,beta,gamma,kappa
1,2.8577089127366695,1.742692888521164,1.8338192972128198,1.6687003927094586e-06
2,0.17523531479893087,-0.787551161730533,-2.9632813913635787,-1.6778173933198473
3,1.822770131173302,-0.3682226813339086,-3.140600710883377,-0.15123947601754287
4,3.1058014575541293,0.3750616483028896,0.5783054978006601,3.019600739088848
5,2.5946587070370564,-0.34203331477998566,0.5317355243182506,-1.1539892846397046
6,1.0480156652197261,0.07978481143256295,0.3176198146504854,-1.8879044607147306
7,-1.5133747890150684,0.48593558298153566,-0.31511085860579513,1.0178849470914368
8,1.9353049369737057e-05,0.1863034663907359,-0.03660368994343025,-0.05326892560139704
