pulse,alpha,beta,gamma,kappa
1,-2.842222625548448,-2.6393339136392444,0.6385958943702474,0.6903735920891075
2,-0.09781773000888395,-1.6486115385927071,0.12597569213603282,0.8127416336217872
3,2.1437797515937773,-0.06691089835508963,0.7089887369366262,2.395890709361782
4,-1.1493210606574138,-1.8633819612423768,0.4720899505514111,-1.8262318571127205
5,-2.416375749770507,0.6920532391251546,2.5367182075263695,-1.8055301891962277
6,-1.5954932257197842,-0.6762169158019838,2.3678749475581666,2.5875334856344323
7,2.4709911506478406,0.595277403691762,-1.8838443273129089,-1.9310762292339094
8,2.954093138112602,2.8195551072153684,-2.90455390665267,-1.3445795171417267
