pulse,alpha,beta,gamma,kappa
1,1.5406390317261829,1.9444512543857988,-1.1928346548522506,6.134019296944057e-07
2,-1.7060863998410127,-1.6751010163810345,-0.6347209896071966,-0.6705593905703818
3,0.5345638112331694,0.22502285102051622,-0.11951190804560924,-0.4549292897177208
4,0.04173470315735658,-0.24052956999023353,1.4353354403370322,0.8896622941277476
5,-2.198387931902554,0.22161284131306916,-0.15220787004846542,-0.6457520738807359
6,0.06317226658962852,-0.44195932201939897,0.6202349842729548,0.20295928191083337
7,0.0009856760477423732,-0.006757157804437168,0.0007143926798426058,0.00204023876450334
8,-0.0003336951563746933,0.002511130409160935,-0.0003492063998769537,0.0005050449011732093
9,-0.0003220688540475021,0.0024049246633512586,-0.00033576515909176295,0.0004983735193388563
