pulse,alpha,beta,gamma,kappa
1,-1.2974340414291061,2.397990352405605,-3.092152753764093,0.06885498152178107
2,2.6600437872955123,1.7284568497457784,-1.513203235196651,1.9407201198032547
3,-1.6599159242761459,2.5545867038172445,2.6601246901753046,-1.4715926591994413
4,-2.5914163322540444,2.938072798163672,-2.262025914992594,-2.7515169922454534
5,0.8938128501450623,1.735962620616007,-0.9366571845052069,0.3746489435809534
6,-0.8476121039815562,-0.1100473093686784,1.1737474040344134,0.9089178564288287
7,-0.05250175234790412,-0.1711132282092877,-0.8509944025132362,-0.5818375209315891
8,-0.008218190961210771,-0.18950534104881586,-0.06600073142790842,-0.15707810193077773
