pulse,alpha,beta,gamma,kappa
1,0.6930873684042894,-0.5042182145735906,-0.1348872745574453,-0.056645749370319146
2,0.7856754300477036,0.8622121726626805,2.494772668676711,0.7251052680855313
3,-1.541186079925638,0.25441523461170257,2.7889405691939313,1.2643679715916003
4,0.058082181387788326,-2.009936253572027,1.6377048152180491,1.0938339960027377
5,0.4086569353349767,0.1530992398963103,-0.8090532445219929,-2.0855444495130016
6,-0.7223499405864484,-1.2945847334271345,2.4214745750407465,1.4320248009589205
7,-0.2760746517919336,-0.4014901621125169,0.3203430832976018,-0.04631521541220445
8,-0.2162984259500515,0.13799051220242878,-0.23885016966050862,0.018862236161594777
