pulse,alpha,beta,gamma,kappa
1,1.8081450607393172,-3.000279314286576,-0.9016877511177273,-1.2514703126436757
2,-1.6866314626139676,0.47602927690817887,2.554396175565103,-0.5952773561571345
3,0.022113943948504935,2.167491727506952,2.3983601369008833,-0.40316486223225717
4,1.1286236854830196,2.7626833310411207,-3.1407994837138054,-1.5958749698662207
5,2.887112355026144,2.4472703684618384,-2.3674789841990638,-2.3022782989500494
6,0.07666733486456606,-0.6271867668792968,-2.2592206519183,-0.9642169434495704
7,-0.24135537819915068,1.8219612658662812,1.1394391468085292,-1.2320473625499688
8,2.773022717293394,-0.8051128364711126,2.7920701632640355,-0.8456569558515549
9,1.8289021787545965,1.2270620300668509,0.04167137439112649,2.456459392947906
