pulse,alpha,beta,gamma,kappa
1,-2.518731576949668,-2.579883662985885,0.6385673571510517,2.8686612145299675
2,-0.7444567026127188,-1.7452817001840402,0.44951984577416815,0.8432963675844661
3,2.6459315227660585,-0.2309753495745323,0.06234099946353868,2.757284972873539
4,-1.072346832359834,-1.8870871007694872,0.9742325904699489,-2.1871867291208695
5,-2.5450554199954523,0.6711063645777646,2.613734980292903,-1.9029166475199395
6,-1.5827409814853748,-0.7641056744421092,2.2392209549057576,2.650532231639493
7,2.417857474071926,0.5485032051067824,-1.871058709135158,-2.0021045816801126
8,2.7222482098567977,2.8786783156927886,-2.957727522824165,-1.291626574798053
