pulse,alpha,beta,gamma,kappa
1,-2.6168802099263715,2.402792719687683,0.9584514875225814,2.9725188942396543
2,-2.4314164031678542,0.20431062064360708,0.11299258815089627,0.9210657979360339
3,-1.8591542781385941,-2.108860228354821,-2.5192576485960907,-2.8766985758130854
4,-0.7681644157429417,-2.6315758792179373,-2.1315465290043303,-2.4761592356665254
5,2.9589143866961876,-2.7091373519609707,-2.0836327176361062,0.23521392849680292
6,0.04993242352249703,-0.768813342175834,1.6463829655998388,0.8922259588082823
7,3.036391731317818,-0.9538724450308999,0.7522578055111803,-0.6830418790044612
