pulse,alpha,beta,gamma,kappa
1,-1.5734030465532718,2.107195619225864,-1.2621567610827795,1.4564659647998388
2,-1.8643039710805636,0.5958007839504467,-1.3982531839710928,-1.4965789752278333
3,2.3185994902294826,-0.12213418174240032,1.207121416614944,0.4316470827942625
4,-3.0844761179290217,0.11071553498315546,1.3577901010606814,0.05757513086228953
5,-1.8369495184258702,0.13450470416686142,0.7836845675353918,-2.4379229483800597
6,0.8910231587738375,-2.3873555649049454,2.95929629031059,0.5388400154346416
7,-1.0039379260620076,1.8474619173791873,0.8741979325763561,2.874973503270207
8,2.3695818295426028,0.5549341011366222,1.790597431861645,-0.9443879131699848
9,3.059893857487542,-0.6812548886457126,2.6958180185133234,-2.3624855900980033
