pulse,alpha,beta,gamma,kappa
1,1.8210440382303439,-2.9357634609499885,-0.9017178554534434,-0.7284233460992291
2,-1.6563143727386747,0.296035505230713,2.5672979555385123,-0.6701823006617098
3,-0.33187611914677306,1.803243271610245,2.428675596996876,-0.2624599645613901
4,1.195543327286946,2.7805492568699792,-3.1284054929357525,-1.4773786763745018
5,2.8134000749777965,2.4554883171803428,-2.300546878004576,-2.120501579450788
6,-0.020257448587001296,-0.6945633148242903,-2.332920814221885,-1.0589408836693581
7,-0.36416412701047746,1.7614491132903294,1.0424818200197032,-1.2445311320214274
8,2.7804567866108667,-0.8667741546393238,2.669275145381365,-0.7947611719852772
9,1.987913729955592,1.1832951999620245,0.04910298322630672,2.529404639466141
