pulse,alpha,beta,gamma,kappa
1,0.8112071698298193,-0.2768168030857526,1.7246311149684197,-0.10167474390555564
2,0.38370336422244156,-2.5342191824868134,-0.3088135779159209,-1.719150546425935
3,-1.820386561443931,1.637879748321116,-1.3829846894318154,-2.6225240757286934
4,0.8570871022784942,0.6701456626241609,1.018337553572593,2.492562314376962
5,1.6184381816227429,1.7094000989350895,0.5781540600915464,-1.0987104626423918
6,-2.1526232736379116,-2.964891696724676,1.8470813038603107,0.7944186053188383
7,-2.458210039288035,-2.3183703583853337,-2.2127878851300133,0.48414024365913116
8,0.3398055565959288,2.6942977930807053,1.68497395706373,-1.2927909257729882
