pulse,alpha,beta,gamma,kappa
1,2.9624504901868125,2.5714643115301965,0.8091316830403715,-0.08333999664075357
2,-2.3018916116333457,1.548584025605988,-3.1087081252112148,-2.8820788397988246
3,1.218715943651936,-0.12910399953767387,0.13997794781302686,-0.8205619957051472
4,1.1229283898236375,3.0410907339059747,1.2311468378567758,-3.132372906817151
5,-1.2031268211781818,3.026136510880666,3.035142816742477,-3.102600934912439
6,-0.05448040337911896,2.9949864570851634,-0.6499628920513773,1.8755140819974991
7,-0.9299578737441733,-1.012632594900646,1.531706034063974,0.4561967326710606
8,-2.033202206421034,0.46637673636716637,-0.22325622965369807,-2.675802680172878
9,-0.09306296427612563,1.2902891976909938,2.1987729022752642,-2.234577934854352
