pulse,alpha,beta,gamma,kappa
1,-2.6639787763849716,-2.806205461701625,0.638596640122369,1.286667788278443e-07
2,0.9960136174414018,-1.6177133885851234,0.30421903139037815,0.8701171906419614
3,1.3094310215871288,-0.22991969542673218,1.8028169856056657,2.0085681686238073
4,-1.0101890845619714,-1.7889400335663246,-0.36226400041378237,-1.5152864990320436
5,-2.4853685032490755,0.6957517756176025,2.6758512678579645,-1.7674633295727091
6,-1.6469406275224308,-0.6519482963952334,2.2988822537594378,2.671776300681031
7,2.5233800145510923,0.7222401719439175,-1.9352893339113595,-2.0216262572529717
8,2.966311041814099,2.8995717243239447,-2.8521636584788133,-1.384569259434532
