pulse,alpha,beta,gamma,kappa
1,2.8445043518435456,1.646123155247663,1.8338260340782033,0.000945026660056031
2,-0.08638756452453351,-1.667469151088768,-2.9764866396935097,-1.7403719666031492
3,2.0459793942009785,-1.6440866924321387,-3.0227554866208277,-0.07709270144927878
4,3.090835513696061,0.3570514304598836,0.8015180499977107,2.232083770506784
5,1.92391682407044,-0.2877902849273952,0.6610194822473136,-0.7724977331069149
6,1.3369950734052016,0.30604301239720105,-0.35313301628946603,-1.4263808823695558
7,-2.3317743227125276,0.34405661882611854,-0.026135451861082588,0.24279436083532552
8,2.6900291901871703e-05,0.3914752730745739,-0.855009718287964,-0.21229557685201011
