pulse,alpha,beta,gamma,kappa
1,-3.0887907458073025,-3.136072968354046,0.1531223420532085,0.0001825628521139155
2,-0.917279331614301,0.8637470129772541,0.9720454519731533,-1.6920097010596502
3,2.3277435003697393,-1.252391701015636,1.283973252445584,0.02081692818885759
4,-1.4370500456050892,-0.7565742187131709,2.5082699215305624,-2.9232934059159277
5,-1.8387087609971593,2.517669944747967,2.1506822530286827,-2.3145850867118476
6,0.977052453770876,-0.6252788539730973,3.141592653589793,2.7443612062683767
7,-2.3816286243737324,1.7938703040543955,-0.549307144530387,-0.4470183612652046
8,-0.422094597714068,-2.0076109125502226,-3.1371235399632935,-0.09379180917986572
9,-1.6881557063454065,-2.8774760996628643,3.089037152170096,-2.111210902192294
