pulse,alpha,beta,gamma,kappa
1,-0.03987161425047097,-2.4384845354869573,-1.6354972596365824,2.5055662685808975
2,-1.5150331801156467,0.16695227214284236,-1.864674344824352,1.6899518426888225
3,3.1410889137488027,-0.10360369693087304,1.9995518566096713,-0.052286194901760535
4,1.4449943056998198,-1.7242881711217246,1.6562363565528728,-2.720165913157515
5,1.0616477407554392,2.252107085121746,1.8423625367392629,1.9887387202620144
6,2.1381708967365167,0.2129234839315755,0.3407289714790162,-1.8185950031397538
7,1.3233672730265877,2.89020615479159,0.033524909140841885,2.378653681617309
8,1.0924375023069433,-2.8507859784320213,1.8020390647978486,0.8129250485878909
