pulse,alpha,beta,gamma,kappa
1,-1.8816042730182916,1.2052765989767462,-0.5161965229334565,-1.6198901743156934e-07
2,2.220487870266247,-0.7024898259871457,-1.9394860304211474,-0.7970243910395912
3,-2.9854820922888443,2.9568321616101714,-1.7180068624770564,0.46632786846350127
4,1.5153822697675035,0.5057692800297381,1.3644896262535593,0.41978220293905866
5,-2.0756169335192034,-2.1573806312547896,-2.136002509855269,-0.33290980318376545
6,2.148828417317194,-0.2943013404288416,-0.15030822110700298,1.7826575711633057
7,-0.14992030719610341,0.40819306302475644,-0.3059377544058548,0.03580362609777932
8,-0.025493846398407724,-0.0019476780314287624,-0.02552842100030473,-0.013865460492547048
9,-1.632904340898097e-05,-6.380165395770936e-05,-1.6448436138071024e-05,-2.625668416731498e-06
