pulse,alpha,beta,gamma,kappa
1,2.9522069326057485,-1.1432253788115638,-3.124009307682768,-0.19750854198712733
2,0.44366815218827044,0.9580127736006676,1.2778799681056745,-2.415507852988393
3,-0.1241219861518969,-2.2576421335379466,0.8546968328344027,2.0268087970902977
4,-1.3388348670742496,0.9158122383387494,-2.351309863148989,0.39526876069951333
5,-0.05018720040163895,-1.5179291826855144,0.090648538437806,-1.275910314544993
6,0.3469577542899791,1.0612978741115822,-0.5479962969812869,1.4195203341823497
7,-0.7739265669417573,0.9355670808540522,1.991942813033692,-2.55629056987068
8,-0.06264297292102929,-1.7905842028419325,1.172799343963965,3.141592653589793
