pulse,alpha,beta,gamma,kappa
1,-1.508775671970488,-2.9842054977649717,-0.8823792162995603,-0.00010580380617038714
2,-1.3328004916796528,0.39146818133154554,-0.05314213612056916,-0.6884654268759643
3,0.7786447554844091,0.32559030323729676,-2.5638178041771162,-1.3253048846687785
4,1.9328169635519736,0.9252877731898167,-2.1305542183479083,-2.0557259040680185
5,0.916079321103371,0.7103849501632555,2.8444666508185956,-1.8360053233408589
6,-1.8789315607965218,1.2159665307862397,-1.0859619998432672,0.2910372718727195
7,-2.681276744164358,-1.747280841752938,2.845169192048304,-2.6848197662295776
8,-0.13888122096713484,1.7363910407704428,-0.6880573737076956,-0.10215823608585185
9,1.280223273280159,0.4669168398389608,0.27777481255843567,1.9581161189156415
