pulse,alpha,beta,gamma,kappa
1,3.135587589411585,2.357648749169084,0.8091364889196325,0.142431338297701
2,-2.149097090812182,2.245435488691431,-3.0460555549884245,-2.9401313294776243
3,1.0998033620022858,-0.35732824487497766,0.29277090265350486,-0.9943270742415506
4,1.2043109622614416,2.9300468429892943,1.1122406562974776,-3.0947888385017244
5,-1.2591379741153301,2.88779181367296,3.116531234766136,-3.141592653589793
6,-0.1408021165279445,2.964920531656938,-0.7059717167083727,2.2030014001378766
7,-1.1103225733741924,-0.9831509115368794,1.4453929173688922,0.22672250451884177
8,-1.9579366048826257,0.36687223653929163,-0.4036224825583353,-2.7231949243959663
9,-0.1195995338759575,1.3430847922516078,2.274034475852795,-2.2117760030686617
