pulse,alpha,beta,gamma,kappa
1,-1.4903176738744048,2.7826264931532787,3.141575280555516,0.14469188570671904
2,2.5508442453613607,1.879228452297185,0.8660849788117757,-1.8460734762164557
3,-2.1034789673914926,-1.2052946575096353,2.2299194762316406,-3.0789242615126304
4,-1.9361925773315538,-1.0710842084511587,2.948270338067751,-2.7171370429523733
5,1.525510939065543,-1.9750686881421895,0.7420978813817384,-1.6430162687897993
6,-1.4019782219724772,-0.16922888899759603,2.7420133156495754,0.241088016518791
7,0.11394030024922151,1.5971717310164197,-3.132463870789429,-2.892199942284327
8,0.3704408382587122,-1.578789170568029,0.29791190401212747,0.2956505474648569
9,-2.392306510734377,2.118580340511914,-1.5732994691698166,0.26902517921878216
