pulse,alpha,beta,gamma,kappa
1,3.0345130606141404,-1.820120197858951,3.141590289408367,-2.1034130359718257
2,0.1636621130720163,0.4253298697577057,0.04265139252087085,-0.9858731862600001
3,0.08726441985726392,0.144147703547789,1.0971324235276607,-1.9019312140897424
4,-3.0112604382437254,-2.688266118806862,-1.8228594929053619,-2.0204157844786645
5,0.6418556730128839,2.1630198022426175,2.567918551553972,-0.8049346252292782
6,-2.5703977475086037,-2.3085391635822394,0.4309476559415455,1.4863956349120817
7,-1.9119948839084893,-1.8585751430711563,-1.4140664758603474,-2.071149143994483
8,0.41900605840718136,1.6771182525028112,1.0440011599594716,-0.052937894166120325
