pulse,alpha,beta,gamma,kappa
1,1.6361300057501762,2.920819477804298,0.7094319102920094,-2.307208778842035
2,3.0918202921829017,2.644108607595434,-1.6695189009549187,3.1023584990403243
3,2.9035304440334526,-2.583477183947986,-0.9664863120874524,-2.164757372375906
4,-1.587533391982487,-1.1040564755698394,-0.39198067148018884,2.2613814532441134
5,-1.2722785589359817,-2.3038251868252417,-3.0127003108925843,1.3377424100746702
6,-2.750241760461345,0.2195806884256142,-1.5083207330693729,-1.1957551856248018e-07
7,2.992922241210345,1.450776259320416,-2.429299357081661,2.1448825509812335
8,-1.193025450691871,-1.0137957738494732,-2.400052268658979,-2.4359609595280998
9,1.3044651483995333,-0.7818114049574345,-0.5588058832478011,2.789260537303602
