pulse,alpha,beta,gamma,kappa
1,-1.3627395435173033,1.6084341752575693,0.01094201832031003,2.906310854775442
2,-3.017622929431014,-2.9407817951697086,-2.9960362848904105,-1.0327530623304522
3,-0.786070867227432,2.119722791718832,0.08955771420125322,-1.7083268797831639
4,0.675127398530428,-0.3466462575916938,1.1690751843788205,-0.512849588298095
5,1.1331489305388718,-2.1595142596831565,1.8318720732812974,3.015690649044096
6,1.3738841983054804,0.9832929383917381,1.317239612649962,0.07158448822693345
7,-3.1406004547175557,-0.9106439687092308,3.131603915476392,2.960653291220794
8,3.0890503745763516,0.6953572643378612,0.7096262896293235,0.6358975486578254
