pulse,alpha,beta,gamma,kappa
1,2.0848029212623915,1.273732060866311,0.6821075603132014,1.4533060440030826e-07
2,0.3454934276387914,2.6251627140790887,1.2993464657725704,-2.0875388520562432
3,0.1222567726191427,0.48868410800760503,1.6011922610984457,0.4328493522684315
4,-0.25496542216907425,-0.8008917163369563,0.7680597198565218,-0.4121989671624543
5,0.156422041020897,0.9682501099314026,0.47413468291924,0.043436080629992116
6,-0.8135561099623638,-0.3536963854163653,0.3661013298820134,-0.21932354108211102
7,-0.0352535907445165,-0.05222365347850199,-0.033774593631111564,-0.0007480988420659784
8,-0.02238030281097438,-0.05778599035399035,-0.021812031300759552,-2.664347011352396e-06
9,-0.022829460392694182,-0.06111044486654971,-0.022277394629624577,-6.301620318425802e-10
