pulse,alpha,beta,gamma,kappa
1,1.088819051760502,-2.908022140911844,-2.779248977438142,-5.5639746390939025e-05
2,0.08845728811736177,-0.4105937472732595,-1.4094929679773476,1.4377642764110579
3,-1.4524120605213713,-1.0461027966977765,-1.846664697137914,-0.9958764445755767
4,1.71768674735421,-0.19649862661533113,2.0219473509782304,2.584099400038206
5,-1.8672837337795132,-0.5969192612791155,2.7472998756827285,2.2388060842352244
6,-1.7393089608693229,-1.0590027533452213,-0.5571752597181162,2.513191712666101
7,-2.96373943043131,-0.9427638882598961,2.362826860801583,-2.1121104717765875
8,0.7276409066160029,1.6541397898212218,0.6267422689221268,-1.9413226476561172
9,1.910121229856151,1.786306167323636,1.9078415906377815,0.4668888602583171
