pulse,alpha,beta,gamma,kappa
1,2.136910908030739,1.2896430775422139,0.6821440332636733,-8.662999539715375e-08
2,0.42533499776521916,2.6303926380320135,1.3513978715892816,-2.110552393703383
3,-0.03561852525117531,0.47168630449277316,1.6810573443493113,0.45977746354522553
4,-0.1663105504631455,-0.5699143387841221,0.6101222929668096,-0.468225470939853
5,0.09320851529754282,0.7146200199413356,0.5628256909080306,0.08639454543404544
6,-0.7944785721578512,-0.43237287811611846,0.30294049956657065,-0.19877874767112821
7,-0.015203336999506812,-0.009204574654130038,-0.014732245436832103,-0.031227472798975208
8,-0.0016940874586305276,-0.003572653392482261,-0.001676835342697803,-0.0010512134916259954
9,-0.0017064178269044644,-0.0036613888935304473,-0.0016884456487801947,-0.0004338291823563804
