pulse,alpha,beta,gamma,kappa
1,0.3700817146197221,-3.1384729321696714,3.141592653589793,-0.008202096364477475
2,0.779022015672391,1.3499163389434863,2.803971026350153,-1.7935786564130254
3,1.8444482775792903,-0.9199450091620835,1.2380079555737837,0.15552180920509917
4,-2.732079532125498,2.97288316861881,1.1509963324185355,-1.4076192883944314
5,1.081830605635237,-0.5402102336612855,-2.7113071274016605,-3.0895595957254387
6,-2.586441108261161,-1.1516767891017505,2.7700979299735593,2.852759665363347
7,0.44284281171651557,0.8083828048367424,-1.8344038584724602,-0.7910972464479051
8,-0.4331306679697454,-2.0865049881760163,0.21356972476329758,0.6712294946666949
