pulse,alpha,beta,gamma,kappa
1,1.540137294107192,1.944112279216253,-1.1928344793367744,-1.135725328360804e-09
2,-1.7156014181290884,-1.670619191773052,-0.6352182094077623,-0.6740543824279683
3,0.5504839939008221,0.22336090648435158,-0.12902807126224228,-0.45924060877965317
4,0.019410190804370963,-0.2351527417681249,1.4512577105122262,0.8964144452530446
5,-2.187108912448552,0.21498581844619,-0.174528313036376,-0.6478131171612046
6,0.06384998637597614,-0.4428234882098928,0.6315133855149372,0.20024851888093126
7,0.0013328354280313852,-0.009318908885318902,0.0013884718758315482,0.005091386960911503
8,-3.0369278346185833e-10,-1.7318725076724088e-10,-3.0369278346185833e-10,3.8082385687921155e-10
9,-7.423706594069709e-13,-4.279787134832537e-13,-7.423706594069709e-13,9.127508107462757e-13
