pulse,alpha,beta,gamma,kappa
1,1.162429404794122,-2.088285135530816,2.1575848466681875,2.8115126131121556e-06
2,-0.2784426283887621,-0.44701251039401246,-0.8186252845864134,-0.38175995450325867
3,-1.6411512482523425,0.19838860458754176,0.8739837926756517,0.5269228672445473
4,0.9831770858584633,0.3640492344597138,-1.2524193578282174,-0.598363883651584
5,-0.2735734368087634,0.5145275770163041,0.04205072016543814,0.3677585519127562
6,-0.2623038526415488,0.14448904802144164,0.45025973108883444,-0.00041929172538457133
7,0.10217816060995476,-0.5588952825196009,0.047741332095809344,-0.02265539814356863
8,0.07664610215451782,-0.04960715511772728,0.11700675314300762,-0.16861499472481567
9,0.06672225937354918,0.02933013944122422,0.007508459277069425,-0.0655458442705363
