pulse,alpha,beta,gamma,kappa
1,2.6128367857149843,-1.5542413525571408,-3.1240166922182944,0.2722411717208978
2,0.563857926854361,0.8496269750037188,0.9385082045478197,-2.277960564496128
3,-0.011482026508395363,-2.34096339327052,0.974890225601355,1.949596704153714
4,-1.4948857986857094,0.8697638421935463,-2.2386745084664432,0.45759827190629637
5,0.0226187612879415,-1.3160973243478178,-0.0653910204937723,-1.3630644492734505
6,0.3941380115230046,1.191611230088648,-0.47518164445372063,1.3134805680422668
7,-0.8053205293515977,1.4954260741227297,2.039126898392693,-2.72649561994202
8,-0.05487971127738736,-2.399964027598724,1.1414010470370735,3.0462445313464963
