pulse,alpha,beta,gamma,kappa
1,1.1134837432739393,-2.098565634112738,2.1575858692363723,-5.816069583818306e-06
2,-0.23680609591376658,-0.3977948763896026,-0.8675664824879452,-0.4025549285851528
3,-1.6313394990615104,0.19017734715018075,0.9156164805503978,0.5466007364852417
4,1.0849522656418313,0.4354172554197708,-1.2426087405097708,-0.5774773870254932
5,-0.29914010974080973,0.32829510126225364,0.14382268555194455,0.35517923251149214
6,-0.2717067678799303,0.19916586448748613,0.4246841629026024,-0.146082115483586
7,0.06711313398918485,-0.47133542915465765,0.03834799538467548,0.04194162292843806
8,0.04854532561138381,-0.034074660125129705,0.0819398494585622,-0.14857261983841646
9,-0.0035046347090151027,0.0452289203233335,-0.020596363451906477,-0.022031603451580846
