pulse,alpha,beta,gamma,kappa
1,-2.3864200028329043,-1.7818503929708174,-1.4761714789519491,-0.0664980595172189
2,-0.6720356866497825,1.668159909967789,0.007697093648260379,1.9598088379552185
3,2.971836963077751,2.2372062756891373,2.6779268751203,0.6409540424359387
4,0.22622494724769493,-1.4524945562129472,-1.9901065645026366,1.1786490509409537
5,0.5446877754489747,1.6741269290796859,-0.04176433928273671,-0.5729316930368822
6,-0.3743646673448613,-0.12286404547271336,-2.9053945694550922,-0.671039246142985
7,-3.12228221660618,3.136010765657914,2.337892135802549,2.5107675684410586
8,0.10811477562279996,0.08417017771511773,-0.39218061043069014,0.12253683724978864
