pulse,alpha,beta,gamma,kappa
1,-0.6361252185221905,-2.5307240007286644,-2.341963712405745,5.290176857408906e-06
2,2.8656486664554244,-2.2850530990258164,-0.04680117499360626,0.5059163250093125
3,2.701182340724705,2.311413664975863,1.0676510717436813,2.4599739277875643
4,-1.5723271071649123,-2.2458451334169247,2.9669397328696903,-1.7432800264753012
5,-2.222227226812176,1.256227467790021,1.1852093341634369,-0.8617519666148481
6,1.738749512149988,1.2295896450120303,0.3378297682135569,-2.032236097779442
7,-0.02103773857984587,0.36189861412761093,0.022163257535771332,0.0030764655866995
8,-0.008624662655009835,-0.22388681695994578,-0.016604410441452434,-0.0013032770787974445
9,-0.01558477223271823,-0.18136850084578574,-0.01075669752990264,2.8077677501514988e-06
