pulse,alpha,beta,gamma,kappa
1,2.825404270735752,1.7047402877646267,1.2972669644759458,7.906632931501366e-07
2,-2.3064478211635833,0.8334686942770277,0.7595596330292964,2.4919077425878147
3,-0.4954643640447408,1.2670801231825435,0.4741063549092122,0.5935587790286938
4,-1.3596233164420013,0.8419333745145826,1.6418145500169976,-0.3710005526530384
5,-1.5682453393607063,1.5879878489855568,-0.06966303484279752,-0.17020317543938152
6,0.8445974239543523,1.3681067178087516,-0.6018972837680208,-0.09324583642725988
7,-0.018575430977801802,0.15977540508171445,-0.0391520514978229,-0.10511522198778897
