pulse,alpha,beta,gamma,kappa
1,-1.4354851559190247,1.6513547310735812,0.01093773280877325,3.1128632662998177
2,-3.0742789745445265,-2.951488632085449,-3.0687874532142323,-1.086366063846033
3,-0.8496961213435902,2.107656761666485,0.032904001621129136,-1.7122203709951773
4,0.7302652738939475,-0.21349963674459752,1.1054508723855072,-0.5622078492719992
5,1.2629744179332243,-1.9641591035671682,1.8870114300193614,3.0979169577089247
6,1.1400166963049596,0.9369298792884942,1.4470630356796799,0.08315843822389975
7,-3.0109263019972308,-0.8684917339567262,3.024946586026077,2.9670731901861505
8,3.0091364826857863,0.6828097900963422,0.876312118447227,0.6479164519202584
