pulse,alpha,beta,gamma,kappa
1,3.101242253284392,-3.112349420308005,-3.1415920906558643,-0.04762023932467385
2,0.39058665730923336,0.6711310107955532,-0.2481024414559488,3.138167259363409
3,-2.6916533049320726,-2.436733670325816,-2.858456834007435,0.558677370781963
4,-1.366822323406359,2.3321372641594875,-2.93503502234628,2.8480219688881525
5,1.9513721876526544,1.3478813845748623,2.6475985478184763,2.7181027157487616
6,1.5138316860975678,2.6783723478989905,2.1380429370018503,1.2447736569692374
7,0.1840148140099033,0.5424004547783308,-1.2068633979076695,0.10134823645631655
8,0.6014014148075789,1.1656215223765387,-0.23365536833292788,-1.2074380173244863
9,-0.579600886989314,0.19022735625696868,0.8890046461147444,1.2672702862518892
