pulse,alpha,beta,gamma,kappa
1,0.3700008564374719,-3.130955312114651,3.1415908573758253,5.898799248410652e-06
2,0.8334200861091481,1.2746213281658085,2.803889911896536,-1.7929426327358842
3,1.7219746664167315,-0.9729614472564435,1.2924067364778713,0.1529976840357689
4,-2.842373367466785,2.961050758466634,1.0285233437127386,-1.4256532400101178
5,1.1115267199987566,-0.5153711742610596,-2.8215992974730564,-3.0550150444711135
6,-2.5927492889645714,-1.1443223377626515,2.7997944331228855,2.846316304498052
7,0.45160581646260906,0.8140767799015022,-1.8407115421058307,-0.789775182939379
8,-0.4363689682367374,-2.0767008146012165,0.22233636536719578,0.6698816216904663
