pulse,alpha,beta,gamma,kappa
1,-2.2704697403173357,-0.4235121631285039,-2.691448432630391,0.05456679552933629
2,-2.238818473849166,-1.4199404543832395,-0.9392896012137836,-2.0617479516747017
3,0.8889631068849644,1.3935143904188423,0.6677738103143179,-2.997131680782567
4,-0.03118141630997709,-2.6898301329325887,-1.181418229221203,2.3690346251008876
5,-2.560178115920676,-2.332326454196896,2.1608668569579828,-3.0697393280319387
6,-1.4274336615837468,-1.178866547217081,-0.6171991284136497,2.2035750821460143
7,1.2532550628126384,-2.9158942069191207,1.7926879760406456,0.12540481871532824
8,-3.042308948262107,-2.2600334242969184,0.9981592369674782,-1.084057678460842
