pulse,alpha,beta,gamma,kappa
1,-0.2968124328383205,0.6093664696445323,0.29004899510961335,2.3793150211969483
2,-3.1392449651289223,-2.0348751373439655,-2.860150331791565,0.2997031742460148
3,0.8330666968485171,0.7586590920783322,-0.30001937047286137,-0.418003293513974
4,1.9488350513875123,-0.07178583550607073,3.07388249395089,-2.1978064276986795
5,2.2853016396110277,-1.7215120067813963,2.1862249498301054,1.1533225009632226
6,1.024836851096279,0.9802753053934432,0.6077788011332308,-0.24951840054742797
7,-0.8806167245104655,-0.8526284385278924,2.9968876867474283,1.852924851789839
8,2.922111380033686,2.5055298017048657,0.14484390046567935,-1.5933155840733284
