pulse,alpha,beta,gamma,kappa
1,-2.549617256447861,-1.836548694093719,-2.3342929336430065,-2.8263452206837223
2,0.3287285208566257,2.3290935543811475,-0.4535260216566271,-2.034648276437577
3,-1.4329057424447,-0.1838636567262147,1.5188113499256917,2.9959916384061738
4,1.4330264503143584,-0.3782689062927199,1.3901051042199715,0.6646254972216195
5,-2.9295498447626094,-2.0269238745162492,-1.9476054896572652,0.43044583702855777
6,2.0491923621777266,-2.4395475856828264,0.833573625840165,-1.6569353855859725
7,-0.3697223177971316,1.0742829273490506,0.10577601057553605,0.34423425672006724
