pulse,alpha,beta,gamma,kappa
1,-2.1334089799742886,2.71141936438007,1.6874329983875158,-1.4620501954206437
2,3.0898716828495205,1.9048383285200716,-3.1397456518319946,-1.7815400252501783
3,1.6431632360081032,-1.91658457007384,1.3609487065801422,-3.1023661029858736
4,-3.1014689090538523,1.8404266241065026,0.29563708560586455,2.402653873761751
5,-0.3482786914382847,-3.076722904694793,-1.9932442449190155,-2.772951375718591
6,-3.0569159250533278,1.6837718567183855,-3.0344128986363783,-1.5334145818207445
7,-0.2344198456701953,-0.7494522922229659,-3.057704803267479,0.5407717521765599
8,-1.8477795922002098,2.863794976553568,-1.684380806385406,-2.849980994242377
9,-0.13691163363695977,-0.19436650365088393,-2.9181316845600183,1.71520684255601
