pulse,alpha,beta,gamma,kappa
1,2.0453492351780143,0.8248896177392382,2.635392619235277,-1.062017508879211
2,-1.1371024756035162,2.1239153266686697,-0.5053684898856875,-0.5122725022358308
3,1.8284661297842986,-0.937284863140456,-1.35828037336935,-0.8387886033574
4,1.8186618280920288,2.1075535531005816,3.127098145484395,0.6711893314999307
5,0.7481681812055883,1.7113885124334345,2.8072564336201613,2.7809824934313143
6,-2.9854272551780556,2.8405962811694803,0.053543096981894994,-0.4922204995157662
7,1.606433415692116,-0.22320544628683392,2.397583486706899,-0.9689734855754302
8,-1.3330302000123843e-09,1.593581239864886e-08,-1.3330302000123843e-09,-6.9020634644992824e-09
9,2.8681715248600147e-09,5.5739937181241795e-09,2.8681715248600147e-09,7.468069253409095e-09
