pulse,alpha,beta,gamma,kappa
1,-1.7585713228795283,1.4882474103639807,3.1415914239790275,1.2424319243547362
2,2.6904579354934994,-0.5772341389840696,-2.6357696448075028,-0.9765314336395525
3,-2.6980207833132743,1.5652381162062523,2.6904636678884204,-3.0299106976632864
4,-1.5336123608411274,1.5009183316542651,2.023782028381176,-2.9448931091343313
5,1.4468112469005254,-2.245071007951219,0.9461195452992358,-3.049694081133107
6,-2.43583191142103,-0.8989967955065645,1.867241839375355,-2.131078824106389
7,0.08174906264225278,3.008855935009042,-1.044146744133685,-2.4239910196887666
