pulse,alpha,beta,gamma,kappa
1,0.07755885459322585,1.5253884816003453,-1.043851510073648,-1.198251568770844
2,-2.6909000668900456,0.7623043458457736,-2.948994110663296,-1.9005174746129885
3,-2.995183349910226,-2.6380623080883945,2.1240943973245145,-2.049509199675524
4,-0.15983092630943083,-0.6208165761252271,0.16388173354440694,2.4928841891560705
5,0.00043720579506059735,2.5443082507088617,-1.2340102928163423,-0.9097200520381582
6,3.12573586060642,1.0966887674266925,-1.0072136147391662,-2.2948792986732665
7,-2.337146399133417,2.4993397287232018,1.223759148735561,2.261308726048857
8,2.631814237609905,-2.3873704778547173,-2.028655079111257,-2.1985576735353414
9,-0.28815240621639215,-2.475509017791603,2.5012031842025286,2.0468385077369127
