pulse,alpha,beta,gamma,kappa
1,1.7274163772326048,1.5217039387394822,0.06703690106740179,2.356242871235588
2,2.738257193144469,1.7477261932054873,2.339627927783723,1.3732788568309362
3,0.8686209883163097,-0.3715992411867349,1.0162099976773844,2.4645673366883756
4,2.905520266620093,-1.8076195470800782,-1.7345629326891232,1.4013134932452036
5,-2.242873996581049,0.18836303223128387,-2.2874011771003393,2.9863201874776584
6,-2.4288436684664054,1.7305739166354692,-0.8706545179380533,1.4703478975761102
7,1.2141004228769527,-1.1630370165285964,1.2784399637911865,-1.4337852606323949
8,-1.2423457988247815e-05,-0.09898052947330718,-0.0002412593252210041,-0.09421054306750096
