pulse,alpha,beta,gamma,kappa
1,1.1017543957116913,1.0976329468513806,3.141592508630734,-2.34071159352666
2,-1.5937350187572885,-0.6886200512167768,1.34584267406216,-0.09187964967425684
3,-1.554053309620673,-3.1244471322140903,-2.884898825813859,0.1574291415725298
4,-0.42044058660743816,1.059727941950483,3.0310749522968266,0.9065377745514883
5,-2.242158312908039,0.8992644641882718,-3.0082262380269174,-0.2985262642772713
6,1.8577934850201434,-0.5458811080299073,1.0689621383083503,3.006266887093451
7,-2.743061476462044,-2.7755116995537743,-0.08434196433882439,0.918085094640543
8,0.1391717746806172,-2.140625471865589,0.5386214169480946,0.37777943939432906
9,-2.5096143028758067,2.043591428365226,-1.7857346671531706,0.22294241565374898
