pulse,alpha,beta,gamma,kappa
1,-2.2486883539485976,-2.2550283819761194,3.141592168308869,3.141592380346681
2,-2.6668755435499,1.1322614600383278,-0.4189818517962067,-0.7163196757660971
3,2.7059749655504506,-1.627741167866155,-2.466812182978438,3.141357393242115
4,1.37607486765479,-0.2076589794782083,3.117331542447115,-2.8442751924856706
5,2.8364209035289645,2.255813193526241,2.7295882861201406,-0.4885722268028022
6,1.6520612601207143,1.9241836116669242,-1.7011499749679948,1.410634269328161
7,1.4595669489471774,-2.2880478963243602,0.7430220895818066,2.0192987381866585
8,-0.17258412725692268,-0.6352837096678632,-1.3571003156449122,2.6929440651491707
