pulse,alpha,beta,gamma,kappa
1,0.014339680940670984,2.43732464396797,1.1984363616013534,-2.020652321398358
2,3.081562719566153,3.07128376887516,-2.481039837502578,0.7213616795732752
3,2.5965825812243204,-2.885975479103544,0.2154350386335501,-2.061127142079845
4,-2.2940121782462515,1.3611940203038235,0.2775137513436254,2.6720477029736327
5,-1.9121617354873375,-2.4220197625602373,-2.1243994251458416,-0.7819300151590574
6,-3.0860015945995087,1.780404646141504,-2.9231652614520303,-0.6527297879476314
7,2.3749327234921433,0.40648705913830724,-3.139210239287676,2.259906781786837
8,-1.6783616912765955,-1.0482870406640807,-1.4888129654481952,-1.544379045865156
9,0.07377786658895195,-0.8314951084862414,-2.128571665070326,2.1082489885851516
