pulse,alpha,beta,gamma,kappa
1,-1.1272778767234437,0.6206695047154177,1.8082322708522758,-1.2786322644016104
2,2.25078745274675,-2.244050639962246,-1.308699286049395,-2.535958411774502
3,-1.2223799348052653,-0.9109252762293948,-2.7382015218000912,-1.6686249833490545
4,-0.5099701953620696,-1.2833704683754616,1.5521133933668823,-0.3398307718498093
5,1.1494123045524933,1.630771569634862,-1.5053618794869372,-3.020501983738103
6,3.0086238808871903,-2.74663556298901,-3.0324530048295624,-2.6337155647897132
7,-2.826495469941466,-2.780080322166525,-0.458773618111734,-2.045013267725489
8,-1.6272017730672488,-1.9557052299954847,-0.7374718002926102,2.8634335993572835
