pulse,alpha,beta,gamma,kappa
1,0.24953848853390975,2.616714033969848,3.1415888132097884,-0.5307323469255387
2,2.589866710505886,-2.1867433018633995,-2.207499891893483,-2.400748737019654
3,-2.65876027654313,1.6687636920526054,1.7855275375375133,-3.0024483181668447
4,-0.6781288441759872,2.4218230381452983,2.6412099574367445,-1.211160901163672
5,0.619821605226528,-2.683061187135727,-0.23171685813645174,-2.905560293409437
6,-2.7929718086866946,-0.8798737942713265,-0.02017252051426276,-2.9044030282851647
7,-2.397962338790506,2.416455797026681,-0.44688732288186794,-2.897402323376662
