pulse,alpha,beta,gamma,kappa
1,1.6789699018935744,2.377619176531029,0.7094413807665632,-2.579253164738399
2,2.9198207298372316,2.6742250054313734,-1.6266564760885414,2.9213708218386727
3,3.052132028061171,-2.34025608371643,-1.1384677017376945,-1.893252631889785
4,-1.7538350662710405,-1.1552531482369686,-0.18159602594716956,1.736059047314395
5,-1.1769502946835004,-2.2593066278026535,-3.0525806240926103,1.4677992836851497
6,-2.5034697374720376,0.4811857044348466,-1.4129965599717158,0.3139330508063545
7,3.0211545607646846,1.1309027709304702,-2.182516370035518,2.249402080283672
8,-1.2547680055030086,-0.7771057703020252,-2.1348424371117014,-2.4496375382302453
9,1.3209055688765394,-0.7690093968055818,-0.6205444128565383,2.6004931153853175
