pulse,alpha,beta,gamma,kappa
1,0.8975732172434883,2.7362759206210536,3.141592606492187,-1.4894615406928648
2,2.0209457927141883,1.3130266376776158,1.6741201783475108,-3.0503708174083224
3,-2.378432037782495,0.04856403019420028,1.700975890973018,-1.2785776683511205
4,-1.8918935910312646,-0.8142812725146805,2.8033408015529857,-2.8358101008697325
5,0.7450408373347359,-1.9615698231288499,-1.2469099868022595,0.34404334330349473
6,0.009290938330238151,-0.6710929346082407,0.9011223542841261,1.9733211020323145
7,-1.0125484180814466,-0.09600087218551832,-1.0619146314482937,-3.125592466328522
8,-0.7708219073382396,-2.9363396038464145,1.0777858427081473,-0.14321860441383946
9,-2.182490680142129,2.72230451767619,-2.7145625549714136,-1.194662125228848
