pulse,alpha,beta,gamma,kappa
1,1.6663079125830078,2.639843328328367,0.7094407063268828,-2.5792539028675017
2,2.9981685252927943,2.7705968402562124,-1.6393175154273478,2.827374149772041
3,3.107757096820748,-2.370257362718099,-1.060119650337863,-1.8802905834575718
4,-1.7383172758786782,-1.0793205931382337,-0.1162518644908585,1.7951775657646423
5,-1.0810740117221171,-2.1859270477768473,-3.0026996970634228,1.781267681193105
6,-2.4794231404627363,0.45040136899165417,-1.317120918510741,0.4441269924574899
7,2.977702009823963,0.918968667186136,-2.1584695499147184,2.2776086471879537
8,-1.1980869878209066,-0.8599033848214089,-2.1292862078662558,-2.393871557117546
9,1.1001353266951377,-0.5397718244170864,-0.5638630508223693,2.6129287512563915
