pulse,alpha,beta,gamma,kappa
1,-1.6691430578554702,-2.053455354248107,3.1415905007191047,-0.6317147082656619
2,-1.1980565223041435,-0.5793822062465065,0.07856438418385407,2.8190124346380405
3,1.3111297206141692,2.2292034477993607,-2.5459275749883266,2.706007423239114
4,-2.86526101836628,-2.1674982175455346,0.5072709132496757,2.8910629844063167
5,3.131556422136489,-1.724266207848516,-0.19350694764440654,2.1450111378929075
6,-0.9443415406990008,2.9221251746971975,0.39227841814729103,0.8708066297621909
7,-2.069859939344719,0.539093786190649,2.5980492282125947,-1.399729821534058
8,7.220096019606767e-08,-5.194635550982334e-06,3.716226020957697e-08,-1.3279653928517788e-07
