pulse,alpha,beta,gamma,kappa
1,-0.34131218288555937,1.2743260230441338,1.1984370167106322,-2.0206526243535583
2,2.8095647641659034,1.976540543514618,-2.8366918078270205,0.26487850396187973
3,1.6906749675103419,-1.922541038401895,0.24878703094455187,-2.2642400971840093
4,-2.8804423597046567,-0.4656324083668928,-0.6283953390033282,2.9813759488335814
5,0.015389747963874734,-2.9307833157580547,-2.808101339120601,-0.9800794762798982
6,-2.9460065300006875,-0.4287044764148204,-0.9956148509165224,-1.0933862405301218
7,-0.17932690221251263,-0.553665305852426,-2.9126471103802003,-3.0656221800063563
8,-1.8164068309882166,2.62321546559342,-3.140571327319675,-2.9870722206580633
9,0.5746309596798246,-0.1512799899465456,-2.266615984929905,2.9249669371719675
