pulse,alpha,beta,gamma,kappa
1,1.3063238252277767,-0.5663354646620288,2.4085522619614896,-3.0409665144783213
2,2.9451669243495204,1.16508960997045,3.1413018651217715,2.481502898930877
3,3.016244095752964,1.1764565797448638,2.9452563300620858,3.0502870393341217
4,-1.9604912937884527,-2.8518840968336097,-1.2712963650745444,-1.577872493706849
5,-0.6354590188729684,1.3200972866272382,0.6206579389620359,-1.8180880071638177
6,-0.2800353142907929,-1.1109162945309403,-0.14597002364922587,-1.9728278405680981
7,0.8583411078030242,-0.22314626447400024,-0.2853021776992077,0.32047375780750803
8,-0.000222654663878818,-0.0012120218932808787,-0.0002214057804271403,0.00023581618802526603
