pulse,alpha,beta,gamma,kappa
1,-0.5979573213304854,2.1450084100180375,3.1415925855412143,-0.06978453198731503
2,3.111565488577206,-2.2282162536070653,-2.4923253226730098,-1.0222690800724012
3,-2.712729548845699,-0.8226733132374395,1.6091984525652434,-2.5307747095704176
4,-1.1568789004513806,2.7595116919893705,3.087807324833611,-0.6176923156365
5,-1.701667840791324,-1.7823627851652082,-1.2276008923123076,-2.8160579228220555
6,-2.986752862137929,0.5004724639268149,-0.25491582348234737,-0.7207199561704967
7,-1.2087534206961041,2.6718066321662457,-0.4255206052615645,-2.182906859137084
