pulse,alpha,beta,gamma,kappa
1,-3.1415493835261437,-0.750316224419178,2.408552647543957,-3.040983028012745
2,2.6125078899405585,2.1100681837994,0.6636446357875211,0.6929123285114603
3,3.037020210882155,-0.9775957736572448,2.612512606882973,0.12478054631073854
4,-2.4500055236701552,-2.257850702311738,-0.9039578008028254,0.5414026643194604
5,-0.9681807982852836,-1.2671787720217405,0.07291984387846538,-0.08184970935580173
6,0.8376697104515359,-0.4322577530294166,-0.47871639805212235,-1.3559666181111703
7,0.2738085973736895,0.2505273612675175,-0.26584201831658155,-0.11605266596240651
8,0.006270416022763808,-0.007856292670752356,0.006403540050217146,-0.006964935528454843
