pulse,alpha,beta,gamma,kappa
1,-1.7575455127182753,1.491491403527918,3.1415924424630024,1.2424277493933134
2,2.6827027040558376,-0.5736140296227262,-2.6347448792925396,-0.9809000443182532
3,-2.7098126113586476,1.5602600405037244,2.682711193767459,-3.026824867419738
4,-1.5260560235049452,1.506912010196781,2.0119912426218187,-2.9443268066690496
5,1.4607404213860693,-2.2591045014580424,0.9536739715244389,-3.0525961232306495
6,-2.448703468484287,-0.9027880179076245,1.8811676931205277,-2.1313214277751356
7,0.07228879409681914,3.0159247327365244,-1.0570243536006698,-2.4201800105585023
