pulse,alpha,beta,gamma,kappa
1,1.8721838797535435,0.3785911239923967,2.700483514244276,-1.6554339167941998
2,-0.07354407464659174,1.0833901155989638,1.4779265871862917,-2.27935624574672
3,-0.11925251356863982,-2.6327554053116002,-0.02058511556359753,0.9456687598073242
4,2.1348760670491775,1.422538124051722,-0.25765210841298836,-2.453592729452944
5,2.918317537810014,2.7856625499502856,-2.6220063326758303,1.8771333685049723
6,3.0842795393673925,0.5569033839310696,1.8447413207915737,0.4574485040881081
7,-1.597137656683044,-0.6905312903324015,-2.0804775497275965,-2.2014289236676268
