pulse,alpha,beta,gamma,kappa
1,1.7221047383184056,2.678522114250426,0.7094413248782344,-2.5792532534143318
2,3.024799177763033,2.8736549225172756,-1.5835208771471676,2.6736464364845554
3,2.974205405092757,-2.38460716252365,-1.0334894868793663,-2.2084035828887347
4,-1.2381990755190762,-1.4745166700316095,-0.3150278387933182,2.521303654868738
5,-1.7553418030090977,-2.309598338170399,-2.7078132974429385,1.0844534179616583
6,-2.6729521215035206,0.2785424859174341,-1.9913878712578907,-0.12636823345946807
7,2.8236590198412372,1.5100872990375922,-2.3590907290121326,1.543031109094635
8,-1.293251136651429,-0.8878996761672752,-2.545038928376513,-2.665979281911205
9,1.1499345022484027,-1.1382269073850388,-0.659026811068653,2.3029028671575897
