pulse_index,alpha,beta,gamma,kappa,detuning
1,1.8051476547255547,-2.847561935624038,-0.90163730021273425,-0.69369704335892757,0.050000000000000003
2,-1.6594234729637696,0.30263605315063585,2.551434479552916,-0.64911931784517962,0.99969287270437546
3,0.16419839883738135,2.0702534155520054,2.425562934678092,-0.30900892487047638,0.99901959948531316
4,0.66338034344706576,2.7781089888680177,-3.0639888147307182,-1.6096752916016195,0.484312812136376
5,3.0332622241332219,2.3988957094377783,-2.8327477651021336,-2.5099150462182163,0.85143608341105881
6,-0.10390029101543487,-0.51259623304859048,-2.1216573371738217,-1.1732994331349147,1.0351136909956482
7,-0.23514590777829775,1.558757609043284,0.95888855459787758,-1.2138825268450977,1.1532425649675266
8,2.8391057745561459,-1.0987419348436431,2.7982879719808844,-0.85157931469809667,1.2772674829814947
9,1.7841433412015391,1.4979465713797302,0.10778328076194835,2.3967197587215763,1.0378730775125988
