pulse_index,alpha,beta,gamma,kappa,detuning
1,-1.2181237390622268,0.99799602047689928,-2.6414969198226439,0.2950674883128388,0.93132212612879761
2,-0.8131988538389362,-1.2598252876818279,0.46925815322966319,-1.3215796679678606,0.88142831390685061
3,0.15291704375999665,-1.1652230830003998,0.40674552639863659,-2.845427628194436,0.99370316400569758
4,2.7144839801927501,-1.6322599887164029,1.0070686917344969,2.6248850637742387,1.1285326235063995
5,-0.7660581066126112,-0.3199835280759552,0.55551317556629931,2.8882850443684585,1.1978805538041994
6,0.18517625239805424,0.71350839136632305,-0.27176059069968017,-0.1827222127864061,1.0171029431270961
7,0.51471253174458076,0.13034154353990651,0.15072977187251049,0.54429019527342037,1.0000513179297099
8,0.0040216641135080349,-0.0033284662362061371,0.0039107812466071343,0.039623515692129539,0.9999935907763664
9,0.0042322741427164041,-0.0059969588676208026,0.0040222388883619595,0.039581296177869638,0.99999545941296497
