pulse_index,alpha,beta,gamma,kappa,detuning
1,2.4436545474658162,2.2380416962395406,1.3216424625778809,2.0184324273628933,0.89929641133630878
2,-1.8640073564810786,1.7402635842515779,-2.3382749708557733,1.4049041172949697,0.99763909051104394
3,-3.0511441221551263,2.597577778818871,2.2960512457395947,1.1553514947292003,1.0190000508688462
4,1.8882268099323878,-0.40424692249414168,0.06481078565082686,0.87471638285740139,1.0178966366511581
5,2.5807483882861755,-2.5439375056234317,-0.17218833200241626,-2.8451486733224831,1.0785964225295532
6,-2.7969743817825043,1.832829041880192,1.5449755398345044,-3.0666666468258219,1.0961932302431256
7,0.74071695092752787,-1.3357705891526328,-2.5433724031988847,-1.901499753633368,1.020221187280951
