pulse_index,alpha,beta,gamma,kappa,detuning
1,0.82983458618483741,-2.5637090012987396,-3.0195187511940795,-0.092535324094876428,0.050000000000000003
2,-0.32472260123477198,1.5376937076823207,-2.9659662547450165,2.3648149965148857,0.97547073500404069
3,-1.7710734820989158,-0.54315059338882477,1.9786318048452221,1.5614224411294562,1.2337690582044667
4,0.30860010621149664,1.4836297252243187,0.069236989011847438,-0.69854670118375439,1.258609645696285
5,2.1012328080707579,-2.4696035703452845,0.053537728226828146,-3.102517162398216,2.0127456593753084
6,-0.18653398119767112,1.8392775872387508,1.3140799051473062,0.9760426888391438,1.3307041711357346
7,3.135367945818675,0.93974881327456594,3.0002016184358808,2.9707944947269467,1.3227785532744236
8,0.064656948718308946,-0.061731923717678654,0.05301087774701041,-0.0065062058491898453,1.0023954106981845
9,0.081769664269474074,-0.074729912330097334,0.064657653633416204,-0.00048189555099121959,1.0012084538508932
