pulse_index,alpha,beta,gamma,kappa,detuning
1,0.92289137910420216,-1.1710512711769294,-2.4410826147449565,1.9083456384969577,0.050000000000000003
2,0.017302013596346422,-0.98953630573462192,0.85615507145832981,-1.9050239232174027,0.53770911113199138
3,0.28981480209074739,-2.3316159236830187,-0.97054396572139634,-0.54653421972734029,1.071981992286839
4,-3.0639313419328844,-0.24230238507748569,-2.6616015542724285,-2.7849375958957214,1.3748809588428661
5,-0.92484344588847267,1.3196005302196339,-0.63776954936391483,1.2066396801982615,1.0555157784046421
6,0.61939642619545621,-3.1415926535897931,-2.1174307919501247,-0.7668574028530506,1.230772748750844
7,-2.5654292398982292,1.3205902625027566,1.0697202659231315,-1.4299206341040365,1.3548320953201947
8,-2.9737739585840788,3.107244807303132,-1.807760162135593,-0.6279791057189491,1.1900880350102865
