pulse_index,alpha,beta,gamma,kappa,detuning
1,-0.087313860979729388,-1.4645239368199421,2.1181451538845026,1.8609340987414515,0.33580420145626722
2,-3.0948149531907139,2.3841899435141958,2.5292255642665737,-2.5758998259578143,0.79108890034101587
3,1.7759330796206285,-1.6042135309673808,0.32429169132630242,2.8279048732228134,1.365617560403678
4,-2.6201499777950437,1.3598517216933763,0.22395772823341378,0.26525165968055298,1.0290433321783963
5,1.9081852375960904,3.0123681348623652,2.9894679163738984,2.8297355785071687,1.2480935328566214
6,-2.978886351592366,-1.7174326381240834,-2.3288566303661482,2.8668759341988608,1.0683060804406836
7,0.81870294959700596,-2.6101851867744958,-2.5177223914649312,-3.1108827007389066,1.1239369578291465
8,0.065140376250118925,-3.0066396896141816,2.4940187619546057,-2.8977578791884304,1.1016048472644948
