pulse_index,alpha,beta,gamma,kappa,detuning
1,-0.93473729075450462,-2.0209890000238793,1.7104767526661573,-2.2952032296461073,0.050000000000000003
2,-2.9492429749719626,1.3720416665430248,1.0479267378333896,2.5252064527295599,0.81653066279933628
3,1.7714683031307432,1.811375473706893,-0.8962333236613953,-2.9515634595541935,2.0228733995096646
4,3.055675520160015,-1.7302810348095965,0.97662139441649853,-2.8435660914068861,1.6662943839701743
5,-0.3131310791285084,1.1502886872712099,1.368978220631393,0.84527189666334435,1.2268224063719246
6,-2.7308628903378569,-0.91284733945131213,-2.4947187344475927,0.022949119663614025,1.0528931845268246
7,-0.28565096330868894,1.3364175919187911,-0.24084227250734777,2.4852175922422353,1.7375344151496361
8,0.0026909525153792553,-0.10423616050055003,0.0072809522544441023,-0.045997021072151791,1.0019002245632589
9,-0.0087693648146499985,-0.11277454797615551,0.0026937029080969285,-0.015091683183108284,1.0007456737088409
