pulse_index,alpha,beta,gamma,kappa,detuning
1,-1.0123944827120388,-3.0382437301681509,1.6646276057128224,-2.9036671614053149,0.050000000000000003
2,-2.6112344369877989,1.1114268820976283,-0.82347749688670324,-2.982193047183828,0.99962677147372314
3,0.51709411543618911,3.1415727142974679,2.5893741069878158,-2.84208092214987,0.91100569858430092
4,-2.3753456596794029,-2.7469452398916547,0.45729017330926536,-0.0017151700633019251,0.9826423109512723
5,-1.744913791881318,-1.5838588905012727,-0.92359557104625756,-1.638444052199741,1.1350602330700041
6,2.4013465267330321,2.2749561532842835,-0.4765580656626548,-1.7876051131525685,1.4150382565150625
7,2.6515458164510544,-0.80428322271890273,-0.41421403828987458,-3.1145214249656075,1.203162045047137
8,1.4665922302807655,1.149135201225711,-2.9404324130875703,-1.3218579646660382,1.1799237289069169
9,2.8752228745422665,-2.553745691474687,-0.060737458477070523,2.2735668956203918,1.1762612867800961
