pulse_index,alpha,beta,gamma,kappa,detuning
1,3.0318029841522081,-1.0579518940551353,-3.124046776819335,-0.067170353118696513,0.83548081880165281
2,0.46942669734196485,0.90840455876643633,1.3573849573746264,-2.4786903733569301,0.52183906173397354
3,-0.063741048053357202,-2.2497361833250338,0.88042081425770868,1.9989618877451123,0.92046896033771752
4,-1.3691439457752119,0.88760735629162435,-2.2909079555368468,0.43073644194260963,1.0869928562107183
5,-0.025640052021115467,-1.5367716054121441,0.060298367809916514,-1.2899206751034344,1.2750210530718293
6,0.33831726311605154,1.1228131185438726,-0.5234107985083305,1.3876943430172255,1.0789857438027972
7,-0.77383654218194187,0.84619799580929445,1.9832732483805056,-2.5680255715617646,1.2672481976888097
8,-0.20799064559814015,-1.796208100855174,1.1729124573509599,3.1402002575305747,1.001043650462407
