pulse_index,alpha,beta,gamma,kappa,detuning
1,0.20951154660345858,-1.0198613259273583,3.0056271421425316,-2.6294430830841757,0.050000000000000003
2,0.081424958848126838,1.6025539039383943,-3.1267236144746477,-1.6758650997835447,0.52643754132610843
3,1.050179284432101,-2.66734819536721,3.0001506409298453,0.029291708646129278,1.0664844697325169
4,-0.018252288084083114,1.0510018651758413,0.49124790731276036,1.0131774631309449,1.1734976147470448
5,0.62501253712580962,0.91171752504950987,0.17458089715487296,-3.0445136631648957,1.7874209828115781
6,1.7626065060331382,0.99597573774384573,0.43889290818684612,2.8381720980444967,1.5891629018977647
7,-0.94851788633440515,-2.1840840633103,-1.9286760154606299,-1.5490317862453336,1.6353695904926178
8,1.2914583784676019,-2.9802316032982121,0.14083975371755234,-2.1039762211637383,1.1384305044962861
9,-0.21384200227696837,0.91464920420593943,2.2589199356647836,0.50323829919054908,1.2084216730287163
