pulse_index,alpha,beta,gamma,kappa,detuning
1,1.7917901643056497,-2.8509077099360702,-0.9016203054179508,-0.68612157093824755,0.050000000000000003
2,-1.7636143834899978,0.48818207888935472,2.5380768524563884,-0.72493963332518074,0.99942172362240556
3,0.01399668807430088,2.2094731604417985,2.3213696300953806,-0.21740746319428028,1.0004245283523865
4,1.1334907483460821,2.6838589320426198,-3.052558043912732,-1.6696054079964138,0.37473819950518822
5,2.9832329721909532,2.3578484327681442,-2.3626513306126804,-2.0031949133231364,0.83123942656913019
6,-0.2123771615476597,-0.51964822539995326,-2.1716961555928909,-1.1732606555735834,1.0060334864082274
7,-0.20333796198349,1.6506289860933347,0.85041883315535349,-1.1886723983825169,1.1215301788077841
8,2.7382903877974498,-0.94541884619420802,2.830107668482869,-0.77536340671303261,1.3307408872521136
9,1.870109391863231,1.3667278033646448,0.0069526062784949147,2.436570905766716,0.95802988413537615
