pulse_index,alpha,beta,gamma,kappa,detuning
1,-2.337919080968482,-1.6883429250270536,-1.0860545270624782,-0.80148076511277178,0.61028306462029047
2,1.0937833147709999,-0.71971347473195935,-2.9317473368079501,-2.2527961613205534,0.84114869514470547
3,-2.2097185862489526,-0.51021788759864595,-2.1310664802995314,-1.6099660563745126,1.1351678195773127
4,-0.75550441744927122,1.2605285993411595,-0.11737571482197055,-0.13029524837973613,1.0112662184738435
5,1.7719932135957059,-0.97050330083254033,-0.51282032532978972,0.1369173850218354,1.0480202815476705
6,-0.1562606476825327,-1.0825321616312982,-0.34926709441347747,0.15968575252809566,1.0108827148547743
7,0.26914539300359513,0.31667984233923463,0.03763855207537601,0.15769131667101985,1.016916048599247
8,0.044120470388223386,-0.0094969680096722991,0.044173515270076916,-0.021411287254192345,1.0000277177540471
9,0.044069352520823488,-0.013874329847535644,0.044153153270800598,-0.021367055785656647,1.0000275942203036
