pulse_index,alpha,beta,gamma,kappa,detuning
1,-2.1767022376946303,-1.5700533177557803,-2.9106231243406078,-1.0029245185314513,0.050000000000000003
2,-0.93563521109741088,-2.6574386842658959,1.5641211762077205,-1.9218801047867704,0.62170791990760865
3,-2.5576263833612685,1.1091288694230446,0.65829620370762387,1.3939299456279581,0.9539941757828917
4,1.6894774833304347,0.60673626032357375,-2.6305470159528483,0.56070484771960794,1.3086966479963236
5,0.59620961741418321,3.0066099880521655,-2.2900069994371863,-0.24716472934017872,1.1842369775928607
6,-2.5057483498027753,2.062672461135429,-0.84914043298192954,-0.27876149445669268,1.092601703013923
7,1.6338875672131348,0.16218000691480441,0.9736128211044881,0.58368071517872311,1.0030332337869938
8,0.0056982054643249748,0.0046511503066787394,0.0057784466487591484,-0.0031356039229563145,1.0000062200376274
9,0.0055631279162138038,0.0060371472371522515,0.0056775728577802059,0.00013613537265549201,1.000003921919614
