pulse_index,alpha,beta,gamma,kappa,detuning
1,-0.82671197642411542,1.2105382426820255,0.010934723864858217,2.9830142418664769,0.050000000000000003
2,-3.1385867070808895,-0.90852280200661517,-2.7167374713972814,0.17480793349513088,0.97437521997780785
3,0.14492519288816622,2.1147393060387865,-0.14905470853201325,-0.94832019057824291,0.96716696114192779
4,1.7845196662506391,-0.5547334691124931,2.1000691535592693,-2.0545391448207946,1.0118230662446976
5,1.6682848577024278,-0.62458940608655578,2.8776434206799912,2.1647688716025422,1.0415964424971849
6,0.94524183340344281,0.95125662160167224,1.8523767697072775,-0.63433868223034562,1.0554661963432606
7,-3.0257700569842707,-0.68210145692363444,2.9485503740406842,2.9667057187376522,1.1594284559881356
8,3.0724454859937063,2.7450338591863694,0.82787919173306912,-1.0116548761802213,1.0337141123202107
