pulse_index,alpha,beta,gamma,kappa,detuning
1,3.1415926535897931,1.2060494247039795,0.77306612673186126,-1.7628797535599239,0.050000000000000003
2,-2.805596581337348,-0.36604320030113063,1.6164238706991647,-2.9363767905975946,0.61456589303413844
3,1.3306376339989168,-1.9072365383478842,-2.3577727821401839,-1.5796017033885108,0.77630475089866446
4,-2.6744649295214273,1.1836180974012585,-1.0936811074611199,-3.0231752227815019,0.79390426343271825
5,-0.52591812151568185,-1.8235210861523046,-0.018969275349168466,-1.9978564428022971,0.62890451116786861
6,-1.1661870309966984,3.066179875533936,2.6506688999130481,2.2659035004827466,1.1482389438795653
7,-1.8014047271842448,-0.31140398603120334,2.7320250161687829,0.0048921100648676927,0.97117281715335735
8,1.4163611112232559,0.90315360014814927,1.972759017119305,0.93184719263220206,0.59672294637449474
9,1.439021960428591,-0.17641453395981491,-1.8164880517959137,-1.6637618211534586,1.224249080568409
