pulse_index,alpha,beta,gamma,kappa,detuning
1,-2.3573723201244805,-1.7056466246050999,-1.0860919096882904,-0.3355203251855291,0.050000000000000003
2,1.0742506048516061,-0.71893869744401673,-2.9511989365700839,-2.2593156584797911,0.73227037122950434
3,-2.1746855742148989,-0.50980050950689815,-2.1506218015100216,-1.6145195408159843,1.2433063767188126
4,-0.75201174969440143,1.2794510642798405,-0.082349691111178153,-0.12770298667467936,1.0317319477196532
5,1.7653985351629131,-1.0090489043303845,-0.50933312007421805,0.14759169559238214,1.1430571366827667
6,-0.14214046746037504,-1.1831029817342857,-0.35588893445994252,0.16186743921048205,1.0577310866739462
7,0.25058551000018814,0.43535113110605306,0.051770480050598824,0.12521031185460499,1.0561759606495986
8,0.026433652600931033,0.026039394655914573,0.02560417493691856,-0.00036710297088713697,1.0025683223009589
9,0.030225333145612023,-0.071975560464758698,0.026433578596693038,1.3316761995154899e-06,1.0028921485705189
