pulse_index,alpha,beta,gamma,kappa,detuning
1,2.790304622928224,-0.81549770989449422,-3.1240285630353823,0.0020721318537267929,0.7986337328610551
2,0.39065054138575434,0.83251366052743458,1.1159374473419235,-2.2824805771711283,0.448600803229736
3,-0.32571303734889373,-2.1311152226624013,0.80170696560214294,2.0049699140921473,0.85140807438830624
4,-1.3253695594353949,1.0185595253765085,-2.5528839268867203,0.29477656486723369,1.1625584681171592
5,0.1330828410380793,-1.3011297534559314,0.10410083010320774,-1.220137829654921,1.3609258655732064
6,0.25251424982237813,1.1431832089518363,-0.36469376450759577,1.4142037182124592,1.106535755987766
7,-0.76123257687437984,0.9295850130891985,1.8974771283298164,-2.5361245810293749,1.2021963700849219
8,-0.12008407698721638,-2.0221850626070768,1.1854891849880593,3.1271428095432166,0.883818842215084
