pulse_index,alpha,beta,gamma,kappa,detuning
1,3.0889399007812668,1.8692177882798509,-3.1415440777131156,-0.49835765653032704,0.48974608567235239
2,1.6231057167568232,-2.2218673860975846,2.7022209535550608,-0.62442864326063996,0.96095156087341804
3,-0.75850064291700414,1.1854212940044602,2.8102407215669865,-2.8105852215882705,0.90775071839381483
4,1.9391947135312535,-0.92044581648046808,3.0710192306019066,-2.9769183243449988,1.2984154120226257
5,-0.46163175230955816,0.3749826631193145,2.9155050521816341,-1.4778089760809405,1.0451142747731397
6,0.38081774807193747,-2.9391874824407118,-2.5301083319173783,1.8591808891993209,1.2265572105424531
7,-2.0278776019274409,-2.7186222807395901,-0.34474038835895765,3.1308541297584451,1.6731345705198595
8,0.0018705241333241498,0.0035954863092734855,0.001882833900712183,-0.021228765207892838,1.0000791858004052
9,0.001898677834077514,-0.0023014022777299759,0.0018764820050956911,-0.022558892417408823,1.0000733725357278
