pulse_index,alpha,beta,gamma,kappa,detuning
1,-3.07664414776466,-1.0195241769932506,-2.8011544040165459,-0.34541676268959448,0.62175311966887525
2,-1.203807944381216,-2.8086783295059026,0.66032156085964744,-2.8711413069583633,0.3726911963000008
3,1.4936529134382996,2.8383680148023616,-0.80725413629773024,-2.5532166871174908,1.2331100113776918
4,-1.9754007009224959,0.60396192767473411,1.539604012010829,2.5039098870997329,0.62095795323007086
5,-0.74809602992729118,2.9403430276902043,0.079429390661552884,2.7932255814087963,0.86328554618403441
6,-1.6308982456277363,-1.1068059737539491,-2.888271203752343,-2.2157103565149816,0.91680049897885141
7,2.5402966709841848,-2.6249965581379868,-0.93484288501048773,-0.42555637871415197,1.040103148259655
8,0.0029728376514807199,-0.005734768507186119,0.0029652377935976797,-0.00539621006797995,0.99962489680737232
9,0.0037312386437275292,-0.010355163905564433,0.0029568764285821882,-0.0060092179127551769,0.99960537465599864
