pulse_index,alpha,beta,gamma,kappa,detuning
1,2.9613345766649286,1.2207401608545057,0.77307041673856347,-1.8491227739768064,0.050000000000000003
2,-2.6354590704341248,-0.7168857960041517,1.375835880497716,-2.8875206434244447,0.61760665885982502
3,1.1560138233845183,-2.0357606909763142,-2.1876199331615775,-1.5187508995637218,1.0482780303183212
4,-2.6844692984281711,1.2710688678264945,-1.2683166441127307,-2.9913893810632115,0.94305951965197887
5,-0.53942796492338019,-1.9466560614732544,-0.028964122314883132,-1.9455990448925828,0.93117363750217241
6,-1.0361858575950571,2.9271829572848311,2.6371491769742907,2.5970631973434948,1.2784604529562005
7,-1.7957908236869753,-0.3754769612325452,2.8620207744017656,-0.087215129194590083,0.98563308026763752
8,1.2732736420542092,1.1205581889825478,1.9783755093655881,0.55042965585549364,0.90910210224706711
9,1.8803306869282241,-0.21950843558588676,-1.959579747706522,-1.7223464416367982,1.2098494948866312
