pulse_index,alpha,beta,gamma,kappa,detuning
1,-1.0448601081322748,-1.9150595577360279,1.710477545706266,-2.3793845445735995,0.050000000000000003
2,-2.881594492995319,0.72244322663283422,0.9377965471972598,2.3707189249551193,0.8275877058853236
3,2.1233444497421496,1.3343399829894538,-0.82859312336446922,-2.9981422581671748,1.8430590628977184
4,3.1415926535897931,-1.7367752507772496,1.3284908388626411,-2.7901873925587992,1.4857540830797282
5,-0.31599670803531982,1.4356367168301911,1.5264268285548261,0.81007352065324367,1.1887399900842703
6,-2.8280867444531981,-0.64484795216354085,-2.4975833067728779,0.0038386088390872613,1.0416446527423278
7,-0.27064932559433369,1.4450168615849317,-0.33807003107939693,2.4798164674492984,1.5651675975676758
8,0.028177534355690478,-0.14387946531382673,0.022287896162866489,0.025786849253472556,1.0079577067673882
9,0.020829876179093699,-0.1482048989743989,0.028176193996491107,-0.069473176036899634,1.0027426895949396
