pulse_index,alpha,beta,gamma,kappa,detuning
1,-2.3050040644093879,-1.6484496098205095,-1.0860852440308744,-0.35564439282756655,0.050000000000000003
2,1.1141483612121788,-0.72115298109624459,-2.8988402251188603,-2.2400637413639486,0.64505456940486317
3,-2.2351653563933422,-0.4512893620379379,-2.1107242615939734,-1.5805473414659439,1.2994434309224949
4,-0.72499543445039505,1.260497030227318,-0.14282136131385836,-0.14391804821787785,1.0266174237980721
5,1.7511866697554046,-0.85340116685146106,-0.48231450859846597,0.12289958713433681,1.1130677595759839
6,-0.14501484332933104,-1.0548479019029715,-0.37011380989918197,0.15865921424415619,1.0289138114166567
7,0.28551605420654552,0.37384271819216719,0.048919267467367841,0.17498071892650977,1.041644358224568
8,0.063318586349298128,-0.011905436166286771,0.060534272029358002,-0.050295588700448965,1.0010453830723496
9,0.068039252099960632,-0.069308546520751732,0.063293806593573435,-0.025112122526065601,1.0009552086295097
