pulse_index,alpha,beta,gamma,kappa,detuning
1,0.91263701011714649,-1.1904139281402626,-2.4411037640684934,1.9021604640807168,0.050000000000000003
2,0.022756386876632353,-0.98952152843519803,0.8459021754970445,-1.8963895667865485,0.53454175631633449
3,0.29344743418412467,-2.3353374287326187,-0.96511260773248475,-0.54526695148411064,1.0682882688808721
4,-3.0724102271956264,-0.24475877813410879,-2.6580084090271563,-2.8031685194191507,1.4186660403960862
5,-0.92302541136473293,1.310154155298598,-0.64623881117735205,1.2262107895542922,1.0594206329308991
6,0.61654686526795799,-3.1415926535897931,-2.1155630310338513,-0.76319460119171356,1.2179693145144161
7,-2.5652610272766974,1.3213295048490994,1.066872852919664,-1.4356680168087579,1.3597506494367306
8,-2.9980509355980494,3.1198554164432073,-1.8076018604884225,-0.62134656576077629,1.1762655376455047
