pulse_index,alpha,beta,gamma,kappa,detuning
1,2.7503177498333513,-0.65718552087685222,-3.1240290925321417,-0.0031138453849341467,0.74435337765628673
2,0.54023521122768337,0.99981876867367958,1.0759488977081366,-2.2563224527327597,0.33196250322772741
3,-0.397672870497495,-2.2529728153231265,0.95129196895950374,1.9182385349042381,0.76570746811543144
4,-1.2206602919155076,0.87752099421676544,-2.6248440179632269,0.2581240310204303,1.1934532089776906
5,0.20499982809065384,-1.3470512461457105,0.20880966779958945,-1.2594115434410915,1.3705833610243499
6,0.23974477463198168,1.0975690834532155,-0.29277467677466767,1.4271635594009797,1.1298128104179144
7,-0.78300555896461155,1.2260429125647239,1.88470823112893,-2.5562571650996664,1.1719924775031456
8,-0.090318324070426267,-2.1776433771750452,1.163715786991526,3.0782766560398858,0.81502642003664039
