pulse_index,alpha,beta,gamma,kappa,detuning
1,-0.26146858840380061,0.27715474787517591,1.0933657466173441,0.92689679022416482,0.48029280730172769
2,1.5350960942202079,1.2494520472758341,2.6390123931591218,0.55611590522460941,0.71440800011322136
3,1.3911699522552823,0.4082328607802993,2.8669445278108094,0.51225239237608078,0.93427600785663989
4,3.1212838410272101,2.9347472989723475,0.32120042568899926,0.85941849932826342,1.004796464545989
5,-0.49022124249774746,-0.95136551415789306,-2.9302578078830597,-2.086146470829719,1.0693998622188776
6,0.65328107480599962,0.47240494431033048,0.59072810546626719,0.52023132185448751,1.052656596278279
7,3.0783609226223621,1.7211845800676131,0.80341018548538679,0.37999392901797896,1.0592940139146119
8,2.45555887529129,-0.90876420775800915,-1.3394404895427687,-0.27294418352290101,1.0294451194615504
9,-3.0570697480758575,-3.1407345739407302,-1.4759844304480871,2.2000688979961733,1.3236153649288909
