pulse_index,alpha,beta,gamma,kappa,detuning
1,-1.2794439085571145,0.43941119603715717,1.8081964740109964,-0.66251869372137118,0.050000000000000003
2,2.0022689305677863,-2.4712278580837204,-1.4608784890563944,-2.3741245738402283,0.17645984383400995
3,-1.0070772932109258,-1.0751600824325944,-2.9867435560192739,-1.8228228521058349,1.1906083024633871
4,-0.70701094121749264,-1.6407406183458191,1.7674584709493568,-0.34507229254604421,1.0913862762629334
5,1.3033116998994032,1.3299167624632142,-1.7025051096332089,-3.0865082976083205,1.6944771493803352
6,2.9430704675597528,-2.6811887004622972,-2.8784936556315088,-2.6115368455885624,0.89191848575070765
7,-2.9461124368857439,-2.6922760231209475,-0.52425016945014824,-1.9991521628352737,1.0428473802174143
8,-1.7134949865054898,-1.986270594451071,-0.85708251867090257,2.8035748144099015,1.0376462743433195
