pulse_index,alpha,beta,gamma,kappa,detuning
1,0.028183588132480272,0.71942215378625896,-2.0874490590533079,2.7608839001621179,0.050000000000000003
2,-3.1415800899391009,-2.6470414856031033,-0.90408074007692862,-2.429358606965482,0.3406491627705826
3,-1.100657381398477,0.88449160748058686,1.1765804610582475,0.69041996980949072,1.0954487222481641
4,-0.85397355866823499,0.45511301791013498,-1.6085252787957365,-0.049025817452176788,1.0032568689015671
5,-0.98468718027240532,0.77518681158402825,-2.4551724209839074,2.9268177957050976,0.75688397261927254
6,2.5903801190643416,2.6637488321400964,0.17853068386863022,-0.91889101170989052,1.3509337036793432
7,-1.3221725696136386,1.0865959484765868,2.9462232927360472,2.3364033343347197,0.89868366584494241
8,2.3847772818247348,1.8997085448966722,-0.012040922877390442,2.1484592470779842,1.0828482862718889
