pulse_index,alpha,beta,gamma,kappa,detuning
1,3.0905472749081548,-2.6045370326659998,-1.6563226623487379,0.76500239963777594,1.3682948489437881
2,2.8393764793382315,0.4877660661722677,-0.57989781859221634,-1.868950148641759,2.4800686160513354
3,-0.16744201342773896,0.88670955463039614,0.34111610377216073,-0.36203166040909052,3.859558544741764
4,-2.9181493725364001,-0.33351627941602441,-0.33560715139466124,-0.81337206626531622,7.0410575101241193
5,-2.6915009412577131,2.4547926289935913,-1.2713687437402357,1.745916028745546,3.6981731870377623
6,1.1098544151401732,-0.9533268879557143,1.4951721001003331,2.087582025139374,0.65855730906830767
7,0.98806401148396295,-1.3593703625498277,2.0659712861330974,-3.0037086694958632,2.7473502964850973
8,1.6110177333328057,-0.98898438416394308,2.3185251934262285,0.7893661640982288,1.2794452334945754
