pulse_index,alpha,beta,gamma,kappa,detuning
1,-0.1740639674139563,0.34505640783770181,1.0933846297214918,0.59128365762715773,0.050000000000000003
2,1.76104067159521,1.3421734028611907,2.7264295946144803,0.36481572628611686,0.175204736405498
3,1.3181241684125233,0.39191596747329593,3.0928754601953989,0.39463535983704012,0.65930618998266921
4,3.0563886269403557,2.8862283657613919,0.24812495490279241,0.7479392679499165,0.33693653429921749
5,-0.6497933348478907,-0.86137235572588489,-2.6944772826029513,-1.9765117989146443,0.39611153184558506
6,0.85719225457069548,0.25541170103236249,0.43115428378965637,0.46445570962079052,1.1669079413508059
7,3.054956309447757,1.6020074103974655,1.0072943655091895,0.41987186919417974,1.3507535396335
8,2.4617946515434088,-0.94274905616004778,-1.3379085445472014,-0.23353223079569976,1.1415729625762472
9,-3.0653297537271786,-3.1415926535897931,-1.4697413135749606,2.1809355673748496,1.4551236991590553
