pulse_index,alpha,beta,gamma,kappa,detuning
1,-3.032576394305623,0.92754115024447104,2.5033093491877119,-1.5778732590945632,0.050000000000000003
2,0.74469377901988587,-1.9895009320426704,1.3757087127975367,-0.39966827390520243,0.55832278642945432
3,-3.1211105594652988,-2.2971035811925016,-0.28062726525216419,1.037486847210684,1.3889362627612198
4,-2.9548079688380735,1.4695038999822296,0.73879256356223078,-0.98776845241095212,0.95419384373234872
5,1.5758970010098654,-2.1602685696357149,1.5565302635613012,-0.49493391307666168,1.0004297208532522
6,-1.6139893308078916,-1.0548467680347069,2.9728363656480625,1.5875200502946929,1.1856565188229782
7,-0.19209977124251554,0.41899105935415187,0.65173461466720184,2.4444777425867512,1.1479779334851719
8,0.098236123821128798,1.0742859354694803,0.47586141304900098,0.28656271379107834,1.1057860056261852
