pulse_index,alpha,beta,gamma,kappa,detuning
1,2.8629638905520864,-0.41214951750333517,-1.8357640924374841,0.76019637768593173,0.050000000000000003
2,2.0177242338380568,-2.1829522493464872,-0.95185295536688774,-0.22633536274541802,0.24515766935254149
3,-3.0617374265392843,-2.8206094806414597,-3.1415926535897931,1.4229735018702652,0.95487588293498959
4,-0.16512021737037344,-3.0937233427449007,0.85424041268086104,-0.11619452657450494,0.3257882439590794
5,-2.537356822889449,-1.6766600645585503,1.3114546615423515,2.3716465552391344,0.73465142252366211
6,-0.031989862651179472,0.92506523873333346,1.31571107286325,-0.097023668461436591,1.0244106549049021
7,2.081378099078862,2.704904901760262,1.6548294049292191,-0.87178779332781176,1.5729088403910754
8,-2.7665976096236697,0.96476897898192771,0.78300050058503701,-1.2287873569920635,1.5423287702043746
9,0.51108684253844128,0.18675040390635217,-0.21976554990616942,-0.11746493452204762,1.1442052069425124
