pulse_index,alpha,beta,gamma,kappa,detuning
1,2.8254476643371098,-0.25938466532382781,-1.8357756261214468,0.94013031776356026,0.050000000000000003
2,1.9722807364053778,-2.5186193832650061,-0.98936012721004796,-0.84301136759794626,0.11730687093808971
3,-3.0739300214942076,-2.758274253772476,-3.1414353099446606,1.2556919282253012,1.0659819266802002
4,-0.1589714813397988,-2.669068057189484,0.88600918819205332,-0.39861558280978626,0.41024112741268803
5,-2.2666312751451745,-1.777704724341798,1.3176184095835843,2.7919411282169055,0.99886829142394451
6,-0.22328211473812506,0.86136655073814772,1.5864430867993051,-0.08475940561672457,1.0089404270944864
7,2.0710100444128949,2.7346541956537922,1.4635283135410622,-0.88678611304912991,1.4738149702286991
8,-2.6275752825847705,0.84577395763992924,0.77262882847145953,-1.2068975902850414,1.5066381390794781
9,0.2707446785479819,0.029633407280563767,-0.080745276032922267,-0.10160010769307327,1.0931655166083247
