pulse_index,alpha,beta,gamma,kappa,detuning
1,-3.1344796297020685,0.32911937111969741,2.5033647711306735,-1.1734935129777384,0.050000000000000003
2,3.070183033817429,-2.8226437695064557,1.0190655351681648,-0.98120630301208844,0.12471042093668874
3,-2.6570965144475931,-1.0623057185664788,3.0701710933229021,-2.6526807649007198,1.0599806163815273
4,-2.1764993534353794,2.2010957931868376,-0.50834853373229105,-2.3477001643980002,0.78362334554216995
5,-2.0397767837015435,-1.5223172032125021,2.2458481583168139,0.1439548006484814,1.1286708103577867
6,-1.1072811867686021,-0.70322601214200586,-0.46031195001148967,2.6443506207413532,1.3829996189312825
7,0.29198357423913068,0.43259574355410951,1.1584402708606498,0.33222205719018832,1.3951615091862763
8,0.50113824972411602,1.46843891245352,0.95994569838176369,-1.8685599674442472,1.4396903963929224
