pulse_index,alpha,beta,gamma,kappa,detuning
1,0.26069813601368158,-1.4304470348308991,2.1181647941880102,1.4720013053165979,0.050000000000000003
2,-2.754156445051541,2.4996553782219877,2.8772453990109836,-2.359534078958172,0.64959197895384557
3,1.8720398297429404,-1.167491853780571,0.66496827201676945,2.8587040096950664,1.0880415584339422
4,-2.2080656658191984,1.650673073476975,0.3200868920737388,0.3688986848818836,1.4692205755101324
5,2.2850662615029336,2.8278343830950123,3.1415926535897931,2.9393029034622722,1.0665183537025071
6,-3.1083183062598887,-3.0252387589220673,-1.9519928554221033,2.3883265307773907,0.77789734353052908
7,0.42015868596407491,-1.4764449263004686,-2.6471769538026164,-2.8690890716540696,0.71721538771137339
8,-0.091870820893848709,-2.4687335458466269,2.0955004567160374,-2.8415425474451186,1.1153887807869074
