pulse_index,alpha,beta,gamma,kappa,detuning
1,-1.32848962432551,0.034893275858653448,1.8082270164615422,-0.61843958642584618,0.050000000000000003
2,1.815767108518852,-2.4468515333727612,-1.5099152121984771,-2.5495043494767455,0.05760728473493873
3,-0.98212309543539056,-1.2982712635986238,-3.0438887073787111,-1.71629981498183,1.1694064704547262
4,-0.76253356042726173,-1.5816246457928687,1.7923716041466329,-0.43835758500483601,1.1028534804000949
5,1.3105709219569082,1.4844093752868337,-1.7579265349682756,-3.0498069980903999,1.4483637002691181
6,3.1268979731436719,-2.8397884896109784,-2.8712914685231112,-2.6155706595117962,0.65752660393782414
7,-2.7652076932460594,-2.7202322977944076,-0.34050775643252251,-2.0647929816356316,1.0954979627489887
8,-1.6892459850687271,-2.0563315044700148,-0.676178338827783,2.7916519817704852,0.98242822703227406
