pulse_index,alpha,beta,gamma,kappa,detuning
1,-1.7001636627343313,-0.71715276822649365,2.4403694430462841,1.5798666947835762,0.050000000000000003
2,-1.2221809960410361,-2.2294861446250915,-1.2934820532678872,-0.66316995888083874,0.35940113142110236
3,-1.851955372455792,0.70463364836130882,-1.4127692751644227,-0.82806676946922009,1.1721030329981597
4,1.8451083749540587,-0.10016279482548009,-2.5410691191420258,-2.4548593040066939,1.1170127205987073
5,3.1105587535092352,-1.7344182592216202,3.0382602734921238,-2.8141838461121518,1.2799892946547982
6,-2.7152452956280557,-1.7299843621316655,2.6008562870978089,0.46361466416850478,1.046542793548993
7,0.88822328655250149,-1.4385976860530176,-2.6512230233896439,2.9766421397037104,1.1618436023535488
8,0.16091112210782804,-0.23723386570269667,0.021659880840042101,0.078970480788303654,1.0855589722277077
