pulse_index,alpha,beta,gamma,kappa,detuning
1,-1.204555198653279,-2.4793384438481971,1.5297484646712358,1.3063966627104948,0.050000000000000003
2,-2.3406901696788691,1.7810847979383118,-1.4084828545373369,-2.5835663346787294,1.5013660654919652
3,-1.3360536780160708,1.6103218191255282,-2.6537223528698743,-0.36806293368008164,0.6113474113527011
4,0.90182060512711226,-1.8341743710437592,2.8600852959206216,1.1412999364556538,0.96467927697526956
5,1.5347586119196919,2.298054839681158,1.0114320599033411,1.9558579358783097,1.7588211347935985
6,2.9933211364977299,2.1372802606825205,-3.1151998514928874,-0.0018419364947612003,5.3741340221328056
7,3.0836499887661963,0.44888976609696501,1.3345201642241491,1.6137690911533038,0.70050860888834332
8,-1.042719551866599,-3.1215215782174521,3.1236071677619446,2.5484763736915088,0.050000000000000003
