pulse_index,alpha,beta,gamma,kappa,detuning
1,-0.16121727958126386,0.02471457440598528,1.0933584010423874,0.026167394890760254,0.050000000000000003
2,1.6293228052115487,1.464658355289332,2.7392743994219337,0.062043047324183642,0.07133343398908075
3,1.3234764416718214,0.67907396062351999,2.9782794178141558,0.37946997626407225,0.66332815556608049
4,3.0343294835479702,3.0634541907556199,0.25348828846286653,-0.00029725805111338843,0.71273684833570516
5,-0.70120289095576316,-1.1064527941948721,-2.6488451125125945,-1.1801427394408861,0.67955357933049843
6,0.72623010314821013,0.63561664084692171,0.379726337449378,0.60256755112127591,0.97731039017777543
7,2.905424033268265,1.6395551407138242,0.87635962036932835,0.32707755464095045,1.2047656994881237
8,2.5753695645262935,-1.0768866337911069,-1.0682634026907365,-0.20608145128073074,1.2685309298271239
9,-2.6968414200339712,-2.8815398330237572,-1.3561676579611956,2.2497336149078926,1.4054945234542864
