pulse_index,alpha,beta,gamma,kappa,detuning
1,2.9328587067350336,-0.42957486212112361,2.8563843888628955,-2.0348849585193989,0.050000000000000003
2,-0.64211605262091909,-3.1059757635363363,1.512481321351949,-3.0046921313454273,0.14570884840661805
3,3.0781758868541411,0.21292089621842791,-0.14355645140711204,-1.1367359953503104,5.9031141516476113
4,-0.13082455985665242,-1.8102876891536148,0.23257590624974686,3.0727306336710298,0.67832690049355782
5,-1.02629167634762,3.0897998007805314,0.76514062203538447,-0.22893035093079075,4.4874203728383604
6,-0.34280049151196273,0.61110632134271858,-0.68131533054909865,-1.2215819397497316,0.92225936665072983
7,0.017444449499512307,-0.79539609796030741,-3.0412441850490675,2.8077875769329292,2.6673531053392625
8,-2.1003835949252192,-0.9821187519100375,2.4593346143950456,-0.9615245978371999,1.2051841133904868
9,-3.1399120804423166,2.209275572771741,-0.70889117958039904,3.0918206767849372,2.7242000387786276
