pulse_index,alpha,beta,gamma,kappa,detuning
1,-1.3465988101001296,0.31698604871665126,1.8082323483148894,-0.59283963556569574,0.050000000000000003
2,1.6752829010948453,-2.395014615325497,-1.5280191636427072,-2.446219519577141,0.18693379450025285
3,-0.98212533495325172,-1.208257062765931,-3.1125150987081933,-1.7720066652225885,1.2152981475242939
4,-0.71828816671596929,-1.7430416120892074,1.7923660935222057,-0.32239854694257786,1.09906452835146
5,1.2639091120521282,1.3083636974677695,-1.713680987325237,-3.0344112270121451,1.5073814197172477
6,3.0813379653650599,-2.7860219591714004,-2.9179557235659215,-2.6484541731136795,0.83809334316070383
7,-2.8116077116640281,-2.7479855752223723,-0.38605623305276465,-1.9806528151683003,1.0407227375040493
8,-1.7369429186891001,-2.0754272820806499,-0.72258584469209308,2.770208745941809,1.0184490928724881
