pulse_index,alpha,beta,gamma,kappa,detuning
1,1.8286892637778467,-0.64614325408421169,2.7329457794860361,1.5347874224062588,0.050000000000000003
2,0.53943299565535563,-3.0951368914873596,-1.4542655351845131,-0.85139264975599838,0.28225505322938127
3,1.5455632629115885,0.3337916443108061,2.0585301777723379,-2.9138570391060856,1.6256387522307263
4,-3.0386570716773988,-1.4948599184576115,-2.1712648320769312,-3.1415926535897931,3.5022359298159351
5,0.86512180481361856,2.0383609825306488,0.46046352872856045,-2.7490762324254465,0.94902919617141202
6,-3.0430535959083223,-1.6185842353528843,-0.75162121535243165,1.4163836065589035,1.0303118846917247
7,-3.0910300581978709,0.92118985388452834,-0.13588454042408424,0.85698868283530916,6.5721066880681809
8,2.0771415697986479,0.029617618172049092,0.96764479932130332,2.8411546940937527,1.1713710141701135
