pulse_index,alpha,beta,gamma,kappa,detuning
1,0.7571530836728172,-0.60655892824998225,3.0056261462308824,-2.4653118002521461,0.050000000000000003
2,-0.14305349823386054,1.3008597410406939,-3.1344552222173183,-1.7829264572750174,0.31978702350603494
3,0.93724331016045193,-2.7666569529252936,2.7756733413865642,-0.33027973361760093,1.0151741582211051
4,0.27572418602574833,1.437332400172632,0.37831057332301754,1.4325987813105348,0.56936635420854531
5,0.36819353774689967,0.77211416904457852,0.46855776378729713,-2.8714949749158776,1.6885190177844365
6,1.6798050213147855,1.573506053926826,0.18207336976203839,2.5881422144005937,1.2032209471319346
7,-1.2075161235620842,-2.2913138053827717,-2.0114786734671104,-1.6151641713889244,1.6500152840929081
8,0.92852996076200334,-2.909690793641309,-0.11815919381039967,-2.46829496146503,0.82628401939768648
9,-0.34426242127534662,0.9491482715307572,1.8959923317294942,0.61739848749985227,1.2288809392459854
